step,loss,loss_tau_ref,gap,gap_ratio,ff,fp,tp,cross_batch,hf_rows_consumed,synth_rows_consumed,mixup_applied,r2_random,r2_naive,u_temporal,u_batch,auc,top1,top3,cpc_aux,sigreg_e,sigreg_h,u_temporal_e,u_batch_e,u_batchtime,u_batchtime_e,ema_tau,cos_err_d0,cos_err_d1,cos_err_d2,cos_err_d3
100001,14.623627662658691,17.400863647460938,-0.17967718839645386,1.633557887383058,0.5367225408554077,0.7163997292518616,0.41559210419654846,0.035355713218450546,6400064,0,1,0.5239020884037018,0.20784837007522583,0.13527165353298187,0.5195823311805725,0.9825315475463867,0.5872455835342407,0.7565807700157166,,0.0008305577212013304,0.00010530024883337319,0.062314122915267944,0.07124561071395874,0.524554431438446,0.0715576782822609,0.9,0.4632774293422699,0.4829128682613373,0.4974731504917145,0.5046213865280151
100201,14.576092720031738,17.595169067382812,-0.1665143370628357,1.6062944089727285,0.5588429570198059,0.7253572940826416,0.4535999000072479,0.031305208802223206,6412864,0,1,0.5369460582733154,0.19411861896514893,0.1269523948431015,0.46222740411758423,0.9846778512001038,0.6054274439811707,0.7744911909103394,,0.0008131108479574323,0.00011685513891279697,0.05958179756999016,0.0699983537197113,0.4660353362560272,0.07052532583475113,0.9,0.4411570131778717,0.47220247983932495,0.48950228095054626,0.494646817445755
100401,14.226340293884277,20.20940399169922,-0.16201567649841309,1.7083243430303523,0.6092534065246582,0.7712690830230713,0.5058096051216125,0.018088795244693756,6425664,0,0,0.586429625749588,0.21099495887756348,0.11314647644758224,0.5326699614524841,0.9848916530609131,0.5451831817626953,0.7196744084358215,,0.0008748754044063389,0.000467867823317647,0.05489116534590721,0.07548834383487701,0.5007826685905457,0.07499761134386063,0.9,0.3907465636730194,0.40719833970069885,0.41749465465545654,0.42419561743736267
100601,14.493756294250488,17.79471778869629,-0.1822187900543213,1.6642098200861766,0.5434420108795166,0.7256608009338379,0.42772603034973145,0.020760150626301765,6438464,0,0,0.527177631855011,0.2035256028175354,0.1342180222272873,0.5719513893127441,0.9817955493927002,0.5807327032089233,0.7592944502830505,,0.0008112634532153606,0.0001461263163946569,0.059869375079870224,0.06918717920780182,0.5644192695617676,0.06903095543384552,0.9,0.4565579891204834,0.4725177586078644,0.4849393665790558,0.4890272617340088
100801,14.343523979187012,19.901945114135742,-0.15964043140411377,1.6311609443653035,0.5874281525611877,0.7470685839653015,0.4866025149822235,0.02277955412864685,6451264,0,0,0.5838506817817688,0.1975807547569275,0.11468721926212311,0.5078350305557251,0.9842214584350586,0.572862982749939,0.7413840293884277,,0.0008526167366653681,0.0002384927065577358,0.05453468859195709,0.07143932580947876,0.4924137592315674,0.07148303836584091,0.9,0.41257184743881226,0.4335665702819824,0.4476422667503357,0.4530767798423767
101001,14.279231071472168,18.419967651367188,-0.165768563747406,1.684734221039992,0.5921396017074585,0.7579081654548645,0.484647661447525,0.03548935800790787,6464064,0,1,0.5684729814529419,0.2110239863395691,0.10744529962539673,0.4988251030445099,0.9839202761650085,0.540841281414032,0.7253731489181519,,0.0008534889202564955,0.00024734134785830975,0.05403535068035126,0.0682203620672226,0.5025904774665833,0.06932035088539124,0.9,0.4078603684902191,0.42516055703163147,0.4375912845134735,0.44292333722114563
101201,14.362881660461426,19.48076057434082,-0.1645948886871338,1.6404692462998032,0.5784140229225159,0.7430089116096497,0.4695645868778229,0.021890901029109955,6476864,0,0,0.568374514579773,0.2061901092529297,0.11708949506282806,0.5285068154335022,0.9842163324356079,0.571506142616272,0.7397558093070984,,0.0009027974447235465,0.00016692836652509868,0.05386194586753845,0.06979713588953018,0.5127823352813721,0.06981737166643143,0.9,0.42158594727516174,0.4389323592185974,0.4534704089164734,0.4616954028606415
101401,14.42451286315918,17.936050415039062,-0.1732988953590393,1.670801487751155,0.5683550834655762,0.7416539788246155,0.45508408546447754,0.027757083997130394,6489664,0,0,0.5441032350063324,0.2099284529685974,0.11837007105350494,0.47844868898391724,0.9845196008682251,0.5907734036445618,0.7554952502250671,,0.0008082246058620512,0.0001697219122434035,0.056691426783800125,0.06858137995004654,0.4758204519748688,0.06879565119743347,0.9,0.43164488673210144,0.44990307092666626,0.46153536438941956,0.4679701030254364
101601,14.555234909057617,18.73825454711914,-0.18254977464675903,1.6589794832005984,0.5404313206672668,0.7229810953140259,0.428196519613266,0.03507388010621071,6502464,0,1,0.5059813261032104,0.19791436195373535,0.13522633910179138,0.4814637303352356,0.9782204627990723,0.47408413887023926,0.6672998666763306,,0.000807451200671494,0.0002773016458377242,0.059779636561870575,0.06576158851385117,0.5008411407470703,0.06727804243564606,0.9,0.45956864953041077,0.48150432109832764,0.4960779547691345,0.501648485660553
101801,14.303715705871582,20.160049438476562,-0.17050611972808838,1.723104857127907,0.593696653842926,0.7642027735710144,0.4853267967700958,0.03164742514491081,6515264,0,0,0.5803700983524323,0.21243083477020264,0.10376764833927155,0.4977501630783081,0.98276287317276,0.5240163207054138,0.6884667873382568,,0.0009531049872748554,0.0004837064479943365,0.05343223735690117,0.07195350527763367,0.47848251461982727,0.07139688730239868,0.9,0.4063033163547516,0.4187215268611908,0.42879602313041687,0.4314826726913452
102001,14.564360618591309,18.285531997680664,-0.1769118309020996,1.6649206296934265,0.5570235848426819,0.7339354157447815,0.4423905611038208,0.027719518169760704,6528064,0,0,0.5206736326217651,0.2065356969833374,0.12437348812818527,0.5265564918518066,0.980869472026825,0.5679783225059509,0.7215739488601685,,0.0009101720643229783,0.0001757285644998774,0.05724955350160599,0.07087032496929169,0.5222595930099487,0.07106881588697433,0.9,0.4429764151573181,0.4686105251312256,0.483837366104126,0.4916037917137146
102201,14.430730819702148,20.063329696655273,-0.16933202743530273,1.6600596881763277,0.5741274952888489,0.7434595227241516,0.4707303047180176,0.017000172287225723,6540864,0,0,0.5571595132350922,0.19779598712921143,0.12175164371728897,0.5114498138427734,0.9819682836532593,0.5446404814720154,0.7221167087554932,,0.0008146042819134891,0.00029132404597476125,0.05735495314002037,0.07209168374538422,0.4946308732032776,0.07252281904220581,0.9,0.4258725345134735,0.4480651915073395,0.4618297517299652,0.46873822808265686
102401,14.597243309020996,19.07618522644043,-0.18160128593444824,1.6493905870076015,0.5387499332427979,0.7203512191772461,0.42594194412231445,0.023082785308361053,6553664,0,0,0.5099264085292816,0.1972147822380066,0.1466883420944214,0.529918909072876,0.9787909984588623,0.5590230822563171,0.7161465883255005,,0.0008410240989178419,0.00011261557665420696,0.05783620476722717,0.06834317743778229,0.5231147408485413,0.06806020438671112,0.9,0.4612500071525574,0.4852575659751892,0.5003703832626343,0.5060260891914368
102601,14.600051879882812,17.322877883911133,-0.17916297912597656,1.6290205831002993,0.5360085368156433,0.7151715159416199,0.4174663722515106,0.025725532323122025,6566464,0,1,0.5093896687030792,0.2050585150718689,0.13589642941951752,0.49974268674850464,0.9783232808113098,0.49199458956718445,0.6979647278785706,,0.0008836080087348819,0.00014244373596739024,0.05900028347969055,0.06802229583263397,0.5194911956787109,0.06988252699375153,0.9,0.4639914035797119,0.48409658670425415,0.49944067001342773,0.5066278576850891
102801,14.479386329650879,17.84235191345215,-0.1746983528137207,1.6032746556276505,0.5357182025909424,0.7104165554046631,0.420928031206131,0.02899443730711937,6579264,0,0,0.5166253447532654,0.19913285970687866,0.13516126573085785,0.5228171348571777,0.9770095944404602,0.54572594165802,0.7183175086975098,,0.0008777748444117606,0.00013972619490232319,0.05904564633965492,0.0687718465924263,0.5204550623893738,0.06875575333833694,0.9,0.46428170800209045,0.48640090227127075,0.49929359555244446,0.5062127113342285
103001,14.429168701171875,17.92561912536621,-0.1762598752975464,1.6198667595127008,0.53938889503479,0.7156487703323364,0.4162997603416443,0.024417096748948097,6592064,0,0,0.5282741487026215,0.21160095930099487,0.13183431327342987,0.5485079884529114,0.980024516582489,0.5647218823432922,0.7364993691444397,,0.0008332189754582942,0.0001567200815770775,0.059508778154850006,0.06914438307285309,0.5415084362030029,0.06922143697738647,0.9,0.46061110496520996,0.4778464138507843,0.48727554082870483,0.49217674136161804
103201,14.488984107971191,17.734954833984375,-0.17789101600646973,1.619829966671208,0.535109281539917,0.7130002975463867,0.4168683588504791,0.03512570261955261,6604864,0,1,0.5120315551757812,0.20443850755691528,0.13151608407497406,0.5075867176055908,0.9771494269371033,0.4822252690792084,0.6751696467399597,,0.0008611896773800254,0.00014731165720149875,0.05995825678110123,0.06632077693939209,0.5174537897109985,0.06720703095197678,0.9,0.4648906886577606,0.4809087812900543,0.4934341013431549,0.49877822399139404
103401,14.48967170715332,17.523853302001953,-0.17940866947174072,1.6406213519167383,0.5405371785163879,0.7199458479881287,0.4232756793498993,0.019417239353060722,6617664,0,1,0.5304580926895142,0.2035083770751953,0.13116352260112762,0.5095604658126831,0.9787776470184326,0.5861601233482361,0.7465400695800781,,0.0008676382713019848,7.497399928979576e-05,0.05902152881026268,0.06913106143474579,0.5079088807106018,0.06968562304973602,0.9,0.45946288108825684,0.48307958245277405,0.49793580174446106,0.5051751732826233
103601,14.55766487121582,17.170536041259766,-0.1920282244682312,1.631940247625246,0.5041009187698364,0.6961291432380676,0.3800419569015503,0.04082337021827698,6630464,0,0,0.4950278401374817,0.2003001570701599,0.14717818796634674,0.520885705947876,0.967312216758728,0.5194029808044434,0.6770692467689514,,0.0008644921472296119,0.0001748971699271351,0.062009453773498535,0.06692063808441162,0.5244807004928589,0.06706178933382034,0.9,0.4958990514278412,0.5128583312034607,0.5232466459274292,0.5287292003631592
103801,14.568878173828125,17.6878662109375,-0.1685909628868103,1.5950256176693023,0.5480750799179077,0.716666042804718,0.43011078238487244,0.029121778905391693,6643264,0,1,0.5268457233905792,0.20775973796844482,0.12835130095481873,0.5207421779632568,0.9840888977050781,0.5538670420646667,0.7516961097717285,,0.0008720993646420538,0.0001006257371045649,0.05841124802827835,0.0671459287405014,0.5250807404518127,0.06790800392627716,0.9,0.4519248902797699,0.4727186858654022,0.484485000371933,0.49131661653518677
104001,14.501358032226562,17.668230056762695,-0.18185079097747803,1.6292607539661506,0.5291580557823181,0.7110088467597961,0.4139959216117859,0.03220590949058533,6656064,0,0,0.49596673250198364,0.19803309440612793,0.1332724541425705,0.4981154203414917,0.9760947227478027,0.5663501024246216,0.7177748084068298,,0.0009169350378215313,0.00016399717424064875,0.05934074521064758,0.06812937557697296,0.5024824142456055,0.0682394877076149,0.9,0.47084200382232666,0.49449530243873596,0.5087305903434753,0.5154008865356445
104201,14.43100357055664,18.571102142333984,-0.17479991912841797,1.611029320763224,0.5391255617141724,0.7139254808425903,0.42594578862190247,0.022088928148150444,6668864,0,0,0.5285229980945587,0.19753283262252808,0.13418938219547272,0.5256418585777283,0.9804716110229492,0.5652645826339722,0.7229308485984802,,0.000944112369325012,0.00017484021373093128,0.05759879946708679,0.0661921501159668,0.5228716135025024,0.0664530023932457,0.9,0.46087443828582764,0.48302727937698364,0.4968869090080261,0.5027352571487427
104401,14.330511093139648,19.445335388183594,-0.16829049587249756,1.6620132198842703,0.5774993300437927,0.7457898259162903,0.46830514073371887,0.029071945697069168,6681664,0,0,0.5501675009727478,0.20690280199050903,0.11591848731040955,0.5675780177116394,0.9849657416343689,0.57639080286026,0.7584803700447083,,0.0008701215265318751,0.0005970369093120098,0.056569818407297134,0.0690421387553215,0.5415056943893433,0.06901015341281891,0.9,0.4225006401538849,0.43826931715011597,0.44927510619163513,0.45489928126335144
104601,14.473310470581055,17.333803176879883,-0.17111361026763916,1.6131074431385832,0.5497940182685852,0.7209076285362244,0.4257749021053314,0.023418506607413292,6694464,0,1,0.5194951295852661,0.2180677056312561,0.12300238013267517,0.49255719780921936,0.9833570122718811,0.5213025808334351,0.7245590686798096,,0.0009193867444992065,0.0001048510312102735,0.057702917605638504,0.06512247025966644,0.5041251182556152,0.06698621809482574,0.9,0.4502059817314148,0.46820569038391113,0.4803211987018585,0.48623132705688477
104801,14.397125244140625,17.56899070739746,-0.1734136939048767,1.6082814026897865,0.5414983630180359,0.7149120569229126,0.43015459179878235,0.024739427492022514,6707264,0,1,0.527683436870575,0.19597536325454712,0.13704097270965576,0.5168391466140747,0.9814522862434387,0.5934871435165405,0.7435550093650818,,0.0008965753950178623,0.00014099075633566827,0.0572800450026989,0.06703485548496246,0.5183475017547607,0.06738338619470596,0.9,0.4585016369819641,0.4862743020057678,0.5028762221336365,0.5111508369445801
105001,14.311691284179688,18.340320587158203,-0.17687731981277466,1.722672939310756,0.5783683657646179,0.7552456855773926,0.4636959731578827,0.024198319762945175,6720064,0,0,0.5427623689174652,0.21634584665298462,0.10164819657802582,0.5301178097724915,0.9822602272033691,0.5658073425292969,0.7335142493247986,,0.0009493547258898616,0.0002658050216268748,0.05334531515836716,0.06890365481376648,0.51331627368927,0.06908358633518219,0.9,0.4216315448284149,0.4339860677719116,0.4466463029384613,0.45156028866767883
105201,14.248797416687012,20.581226348876953,-0.16018438339233398,1.6843526331725063,0.6057485938072205,0.7659329771995544,0.5020692348480225,0.02862631529569626,6732864,0,0,0.5606751441955566,0.21005362272262573,0.10740849375724792,0.5020391941070557,0.9827166199684143,0.5286296010017395,0.6985074877738953,,0.0008974627126008272,0.0007818673038855195,0.05048789456486702,0.0713452622294426,0.4774787425994873,0.07102887332439423,0.9,0.39425140619277954,0.4130816161632538,0.4237709045410156,0.42903679609298706
105401,14.402894973754883,17.830333709716797,-0.17176580429077148,1.6467067964590092,0.5626334547996521,0.7343992590904236,0.4446184039115906,0.03377820551395416,6745664,0,1,0.5354688465595245,0.21537107229232788,0.11276531219482422,0.46844911575317383,0.9800994992256165,0.4450474977493286,0.6599729061126709,,0.0008703579078428447,0.00018023440497927368,0.05608015134930611,0.06643921136856079,0.48263296484947205,0.06755100190639496,0.9,0.4373665452003479,0.4560622274875641,0.4684954583644867,0.4759003520011902
105601,14.30455207824707,19.914854049682617,-0.1672763228416443,1.6611937685814389,0.5797322988510132,0.7470086216926575,0.4638940095901489,0.03390705585479736,6758464,0,0,0.5694318115711212,0.21683228015899658,0.11857876926660538,0.5412367582321167,0.9790952205657959,0.5316146612167358,0.708819568157196,,0.0009074884583242238,0.00037075168802402914,0.054687052965164185,0.06858710944652557,0.5201679468154907,0.06860309094190598,0.9,0.4202677011489868,0.43431147933006287,0.4471457600593567,0.4524664580821991
105801,14.463861465454102,18.115476608276367,-0.16979414224624634,1.5972452699726418,0.5459103584289551,0.7157045006752014,0.4234556257724762,0.03572811558842659,6771264,0,0,0.5146446526050568,0.21370458602905273,0.12502333521842957,0.5363543629646301,0.9765059351921082,0.5354138612747192,0.6860244274139404,,0.0009403742733411491,0.00025906640803441405,0.05967480316758156,0.0674806609749794,0.5336088538169861,0.06788499653339386,0.9,0.4540897011756897,0.47154146432876587,0.48214417695999146,0.4885222017765045
106001,14.167181968688965,20.35230827331543,-0.1605377197265625,1.641568705917663,0.5892354249954224,0.7497731447219849,0.4782561659812927,0.02399074286222458,6784064,0,1,0.5750656425952911,0.21390879154205322,0.11039020866155624,0.504142701625824,0.9819138050079346,0.48765265941619873,0.6833107471466064,,0.0009076353162527084,0.0009113370906561613,0.05428629368543625,0.06908676028251648,0.4947916269302368,0.0703379362821579,0.9,0.4107644855976105,0.4289512634277344,0.4417484402656555,0.4473195970058441
106201,14.419031143188477,18.384096145629883,-0.16193503141403198,1.6059590012541534,0.5708273649215698,0.7327623963356018,0.4601592719554901,0.029655417427420616,6796864,0,0,0.5487026870250702,0.20826739072799683,0.11732866615056992,0.5017492771148682,0.9864726066589355,0.6032564640045166,0.7785617709159851,,0.0008933119243010879,0.0002448663581162691,0.05715813860297203,0.06761834025382996,0.5014263391494751,0.06771139800548553,0.9,0.4291725754737854,0.45145153999328613,0.4657338559627533,0.4727496802806854
106401,14.396834373474121,17.88022232055664,-0.17020952701568604,1.6409690260471204,0.5642401576042175,0.7344496846199036,0.454576700925827,0.023333515971899033,6809664,0,0,0.5290914475917816,0.20318657159805298,0.12281390279531479,0.529077410697937,0.9848228096961975,0.6054274439811707,0.7696065306663513,,0.0009143140632659197,0.00011106068996014073,0.05390763655304909,0.06836780905723572,0.5214775204658508,0.06834890693426132,0.9,0.43575987219810486,0.46123313903808594,0.47822248935699463,0.48537683486938477
106601,14.256957054138184,21.067869186401367,-0.16135549545288086,1.6568072245747343,0.5929780602455139,0.7543335556983948,0.483624130487442,0.03923455998301506,6822464,0,0,0.5885280668735504,0.21308159828186035,0.11663315445184708,0.4378388524055481,0.9775236248970032,0.5047490000724792,0.645318865776062,,0.0010040111374109983,0.0004856193845625967,0.052829913794994354,0.06822540611028671,0.42730215191841125,0.06822188198566437,0.9,0.4070219397544861,0.425083726644516,0.4381938576698303,0.4435580372810364
106801,14.350207328796387,20.057525634765625,-0.17062175273895264,1.691515130286058,0.582642138004303,0.7532638907432556,0.47455307841300964,0.028027040883898735,6835264,0,0,0.5762497186660767,0.20714688301086426,0.11687096208333969,0.5304544568061829,0.981746256351471,0.5557666420936584,0.7221167087554932,,0.0008366442052647471,0.00037797182449139655,0.05417167767882347,0.06921791285276413,0.5084322094917297,0.06873919069766998,0.9,0.41735780239105225,0.4335510730743408,0.44509127736091614,0.44996586441993713
107001,14.516777038574219,18.135772705078125,-0.18076306581497192,1.6362386761741943,0.5351248979568481,0.7158879637718201,0.41214263439178467,0.029729964211583138,6848064,0,1,0.5133073925971985,0.21022123098373413,0.13530565798282623,0.528552770614624,0.9790459275245667,0.48683854937553406,0.671099066734314,,0.0008910032920539379,0.00016857514856383204,0.058667246252298355,0.06369981169700623,0.537205159664154,0.06570523232221603,0.9,0.4648750424385071,0.48068907856941223,0.4946770668029785,0.49891096353530884
107201,14.431205749511719,17.201881408691406,-0.17379707098007202,1.6133464003040827,0.5428441762924194,0.7166412472724915,0.42217230796813965,0.04788244515657425,6860864,0,0,0.5012646913528442,0.20945441722869873,0.12478554993867874,0.4769085645675659,0.9753320813179016,0.5782904028892517,0.7245590686798096,,0.0009368860628455877,0.000205187956453301,0.05558033660054207,0.06343050301074982,0.48434022068977356,0.06378214061260223,0.9,0.45715588331222534,0.4738079607486725,0.4862452447414398,0.4913274347782135
107401,14.101508140563965,20.247390747070312,-0.1525413990020752,1.6569988234596447,0.615279495716095,0.7678208947181702,0.5124839544296265,0.020368827506899834,6873664,0,0,0.5997035801410675,0.21246469020843506,0.10412468016147614,0.5402644276618958,0.984785795211792,0.5649932622909546,0.7207598686218262,,0.0009535725112073123,0.00045125247561372817,0.048167139291763306,0.06748204678297043,0.5063846111297607,0.0669683888554573,0.9,0.38472047448158264,0.39890456199645996,0.4122675061225891,0.4178980588912964
107601,14.33674144744873,19.256046295166016,-0.17925649881362915,1.6502963760452303,0.5450899600982666,0.7243464589118958,0.42943719029426575,0.019415462389588356,6886464,0,0,0.537255585193634,0.20459526777267456,0.1281006634235382,0.5497092008590698,0.9809466004371643,0.543554961681366,0.7118046283721924,,0.0009723883122205734,0.00018039418500848114,0.05540992319583893,0.06612785160541534,0.5440315008163452,0.06605012714862823,0.9,0.4549100995063782,0.47563135623931885,0.49025315046310425,0.4956091642379761
107801,14.503829002380371,18.29877281188965,-0.18031829595565796,1.6599276471042481,0.5464422106742859,0.7267605066299438,0.4238777756690979,0.02574966475367546,6899264,0,0,0.5264838337898254,0.2146891951560974,0.13389381766319275,0.5327754020690918,0.9817904829978943,0.5810040831565857,0.7449118494987488,,0.0009325587889179587,0.0002257324376842007,0.054820720106363297,0.06381937116384506,0.5223850607872009,0.06410538405179977,0.9,0.4535577595233917,0.47432658076286316,0.486511766910553,0.4943142235279083
108001,14.19666576385498,21.845417022705078,-0.1559736132621765,1.6541062316495267,0.6055733561515808,0.7615469694137573,0.504074215888977,0.041308626532554626,6912064,0,0,0.5530010759830475,0.20496678352355957,0.11178785562515259,0.3306658864021301,0.9731796383857727,0.5294436812400818,0.6548168659210205,,0.0009325557039119303,0.0014019547961652279,0.050098951905965805,0.06819035112857819,0.321282297372818,0.06791813671588898,0.9,0.394426554441452,0.413203626871109,0.42582759261131287,0.43068599700927734
108201,14.350237846374512,19.501237869262695,-0.16503185033798218,1.5947018903133683,0.5574646592140198,0.722496509552002,0.448379248380661,0.03199160471558571,6924864,0,0,0.5480701923370361,0.1990641951560974,0.1268988847732544,0.484521746635437,0.9768667817115784,0.5215739607810974,0.700407087802887,,0.0009011020883917809,0.00021376357472036034,0.05680081620812416,0.06652568280696869,0.4725782573223114,0.0667233094573021,0.9,0.4425353407859802,0.4618619382381439,0.4749144911766052,0.4823834002017975
108401,14.259883880615234,19.884775161743164,-0.15718519687652588,1.6585626909787603,0.6041356325149536,0.7613208293914795,0.49626848101615906,0.020545151084661484,6937664,0,0,0.596196711063385,0.21487444639205933,0.11265912652015686,0.4604501724243164,0.9834259152412415,0.5432835817337036,0.7283582091331482,,0.0009296659845858812,0.0002267836534883827,0.05112558975815773,0.07055243104696274,0.445757120847702,0.07014922052621841,0.9,0.395864337682724,0.41565898060798645,0.42749062180519104,0.43227195739746094
108601,14.305343627929688,18.83340072631836,-0.15056592226028442,1.5765433876757222,0.5882812738418579,0.7388471961021423,0.4756673574447632,0.030109431594610214,6950464,0,0,0.5596065521240234,0.21660184860229492,0.11328662931919098,0.4976194500923157,0.987925112247467,0.6358209252357483,0.7905020713806152,,0.0008821538067422807,0.00022554212773684412,0.057388365268707275,0.06924508512020111,0.48727548122406006,0.0692896693944931,0.9,0.4117187261581421,0.4369180202484131,0.45057108998298645,0.45711249113082886
108801,14.251762390136719,19.33747673034668,-0.15812349319458008,1.6987188570483407,0.6155716180801392,0.7736951112747192,0.5086127519607544,0.038952529430389404,6963264,0,0,0.5956641137599945,0.21989375352859497,0.10049211978912354,0.4830440878868103,0.9880567193031311,0.610583484172821,0.7850746512413025,,0.0010126710403710604,0.0004482022486627102,0.054207008332014084,0.06751794368028641,0.4659739136695862,0.06772051751613617,0.9,0.38442838191986084,0.4029475748538971,0.41821637749671936,0.42586812376976013
109001,14.115972518920898,19.876174926757812,-0.1559491753578186,1.6535606963272709,0.6054361462593079,0.7613853216171265,0.5053598880767822,0.02024010941386223,6976064,0,0,0.5875629484653473,0.2036823034286499,0.10812999308109283,0.5226545333862305,0.9863204956054688,0.5639077425003052,0.7440977096557617,,0.0009209050331264734,0.0002916341181844473,0.05105585604906082,0.06906367838382721,0.5003067851066589,0.0691993236541748,0.9,0.3945638835430145,0.41425588726997375,0.42885372042655945,0.4349499046802521
109201,14.471843719482422,18.60248565673828,-0.16514885425567627,1.601634098051963,0.5603506565093994,0.7254995107650757,0.4416174292564392,0.03549887612462044,6988864,0,0,0.5408483147621155,0.21365219354629517,0.12462114542722702,0.49708184599876404,0.9858177900314331,0.6309362649917603,0.7815468311309814,,0.0008673775009810925,0.00014253464178182185,0.05972917750477791,0.06913179904222488,0.4938909709453583,0.06957660615444183,0.9,0.4396492838859558,0.4633014500141144,0.4764746129512787,0.48059239983558655
109401,14.129326820373535,18.95856475830078,-0.16303151845932007,1.7191896802421125,0.6102806925773621,0.7733122110366821,0.49477049708366394,0.01962590217590332,7001664,0,1,0.6024832129478455,0.23142820596694946,0.09618639200925827,0.5266655683517456,0.9889437556266785,0.5772048830986023,0.767978310585022,,0.0008695564465597272,0.00023399597557727247,0.055989641696214676,0.06930629909038544,0.5094813108444214,0.0694473534822464,0.9,0.38971927762031555,0.40561559796333313,0.4154684841632843,0.4196724593639374
109601,14.530488014221191,17.061500549316406,-0.16562271118164062,1.5874345087077548,0.5524348616600037,0.7180575728416443,0.4299737811088562,0.04059143364429474,7014464,0,0,0.5392736196517944,0.2162494659423828,0.12555381655693054,0.4584707021713257,0.9838535189628601,0.6051560640335083,0.7641791105270386,,0.0008975300006568432,0.00015480080037377775,0.0604771263897419,0.06396611034870148,0.46347692608833313,0.06435009837150574,0.9,0.44756510853767395,0.4750455319881439,0.4922066628932953,0.4995498061180115
109801,14.25153923034668,20.145048141479492,-0.1474437713623047,1.6524397625713612,0.6265679001808167,0.7740116715431213,0.5239299535751343,0.02183196134865284,7027264,0,0,0.6081297397613525,0.2188166379928589,0.09453609585762024,0.48419010639190674,0.9884482622146606,0.5994572639465332,0.7660787105560303,,0.0008374993922188878,0.0003090004902333021,0.05231012403964996,0.07116994261741638,0.4642050266265869,0.07089319080114365,0.9,0.37343212962150574,0.3954657018184662,0.4107303321361542,0.4198089838027954
110001,14.162615776062012,20.039705276489258,-0.15370798110961914,1.690081558752112,0.6235531568527222,0.7772611379623413,0.5172833800315857,0.024656904861330986,7040064,0,1,0.6072554588317871,0.22297382354736328,0.09231062233448029,0.4761130213737488,0.9867666363716125,0.5215739607810974,0.7134328484535217,,0.0008696347940713167,0.0008903997950255871,0.05436867102980614,0.07076415419578552,0.4648236334323883,0.0714513286948204,0.9,0.37644684314727783,0.39406079053878784,0.4054968059062958,0.4117324948310852
110201,14.284870147705078,18.142032623291016,-0.16261881589889526,1.6170983142210835,0.573859453201294,0.7364782691001892,0.45329686999320984,0.025555577129125595,7052864,0,0,0.553515762090683,0.22247976064682007,0.11015632748603821,0.5288405418395996,0.9849759340286255,0.5994572639465332,0.7685210704803467,,0.0008587506599724293,0.00013519200729206204,0.05888805538415909,0.06869657337665558,0.5171006917953491,0.06883981078863144,0.9,0.42614054679870605,0.44708698987960815,0.4596427381038666,0.4629444479942322
110401,14.194459915161133,21.06549835205078,-0.14887380599975586,1.634765826526157,0.6165927648544312,0.765466570854187,0.5167320370674133,0.03231671825051308,7065664,0,0,0.6011539995670319,0.20932841300964355,0.10240109264850616,0.4477149546146393,0.9828667044639587,0.544911801815033,0.703934907913208,,0.0009085525525733829,0.00048351846635341644,0.052849698811769485,0.06668373942375183,0.4255034923553467,0.06697385758161545,0.9,0.38340720534324646,0.3988843262195587,0.4078078269958496,0.41213685274124146
110601,14.50383186340332,18.77202033996582,-0.16372787952423096,1.598101289939223,0.5625260472297668,0.7262539267539978,0.44098904728889465,0.022514788433909416,7078464,0,1,0.5362047553062439,0.21884024143218994,0.12327700853347778,0.5206089615821838,0.9854745864868164,0.5850746631622314,0.7660787105560303,,0.0008676158613525331,0.0001772029499989003,0.05669185891747475,0.06849776953458786,0.5175169706344604,0.0692678838968277,0.9,0.43747395277023315,0.4585445821285248,0.470702201128006,0.4743909537792206
110801,14.382203102111816,20.25851821899414,-0.1602320671081543,1.63731887992057,0.5883520841598511,0.7485841512680054,0.47698575258255005,0.038097985088825226,7091264,0,1,0.5736459195613861,0.21477347612380981,0.11071964353322983,0.42820435762405396,0.9805302023887634,0.5210312008857727,0.6955224275588989,,0.0008704540086910129,0.0010804197518154979,0.05742982029914856,0.06692134588956833,0.4298627972602844,0.06893960386514664,0.9,0.4116479158401489,0.42929789423942566,0.4419339895248413,0.44566336274147034
111001,14.35299301147461,18.007164001464844,-0.16245728731155396,1.6389576028889261,0.5832890868186951,0.745746374130249,0.4617014229297638,0.043730441480875015,7104064,0,0,0.567948579788208,0.2287808060646057,0.1037973016500473,0.4486905336380005,0.9832912683486938,0.5660787224769592,0.734599769115448,,0.0008415271295234561,0.0002240397152490914,0.05805372819304466,0.06857369840145111,0.44999822974205017,0.06875812262296677,0.9,0.41671091318130493,0.4353182911872864,0.44624054431915283,0.4514956474304199
111201,14.168964385986328,21.35420799255371,-0.1436222791671753,1.6548113476480177,0.6370438933372498,0.780666172504425,0.5375667214393616,0.021103505045175552,7116864,0,0,0.6170736253261566,0.21795117855072021,0.0896589607000351,0.43461355566978455,0.9854230880737305,0.6108548641204834,0.7511533498764038,,0.0009119788883253932,0.0003590876585803926,0.05082009732723236,0.0692230835556984,0.41339927911758423,0.06894239038228989,0.9,0.36295607686042786,0.38111308217048645,0.3921302258968353,0.3961801826953888
111401,14.44189453125,19.405452728271484,-0.15970474481582642,1.6455451522453852,0.5929000973701477,0.7526048421859741,0.4916976988315582,0.020986609160900116,7129664,0,0,0.5890195071697235,0.20086830854415894,0.10813514143228531,0.5082920789718628,0.9847734570503235,0.575576663017273,0.7419267296791077,,0.0008005971321836114,0.0002944486332125962,0.055590223520994186,0.07282735407352448,0.49512723088264465,0.07280692458152771,0.9,0.4070999324321747,0.4318333864212036,0.4454176127910614,0.45118290185928345
111601,14.301519393920898,19.864906311035156,-0.15692055225372314,1.688055795272372,0.6150157451629639,0.771936297416687,0.5148573517799377,0.020713426172733307,7142464,0,0,0.6055608689785004,0.2089172601699829,0.09529978781938553,0.5265827178955078,0.9867892265319824,0.6029850840568542,0.7606512904167175,,0.0009246115223504603,0.00021049822680652142,0.052272215485572815,0.07158175110816956,0.5030791163444519,0.0717587023973465,0.9,0.38498422503471375,0.4015151262283325,0.41265395283699036,0.4192279279232025
111801,14.359622955322266,18.65151596069336,-0.16161996126174927,1.6471374272620656,0.5886340737342834,0.7502540349960327,0.4762355089187622,0.029812205582857132,7155264,0,0,0.5812492668628693,0.2164309024810791,0.09771301597356796,0.4899463951587677,0.983910083770752,0.6165536046028137,0.7625508904457092,,0.0008461335673928261,0.0001809506502468139,0.05431484058499336,0.06611870229244232,0.48539578914642334,0.06670903414487839,0.9,0.41136592626571655,0.42955610156059265,0.44400250911712646,0.447997123003006
112001,14.154580116271973,20.151609420776367,-0.15564173460006714,1.7210543843119757,0.628505289554596,0.7841470241546631,0.5253086090087891,0.022300096228718758,7168064,0,0,0.621791273355484,0.22009867429733276,0.09438375383615494,0.47731828689575195,0.9840704202651978,0.5587517023086548,0.7210312485694885,,0.000917004537768662,0.0004324762267060578,0.052132390439510345,0.06908820569515228,0.45784690976142883,0.06890106946229935,0.9,0.37149468064308167,0.38919126987457275,0.40090838074684143,0.40753892064094543
112201,14.54136848449707,18.547868728637695,-0.1776190996170044,1.6878800134069423,0.5641685724258423,0.7417876720428467,0.45450150966644287,0.019735252484679222,7180864,0,0,0.5553229451179504,0.20289427042007446,0.10563148558139801,0.45042598247528076,0.9771412014961243,0.5617367625236511,0.6906377673149109,,0.0008295841980725527,0.00013954483438283205,0.05787165090441704,0.06965634226799011,0.44994017481803894,0.06969065964221954,0.9,0.4358314871788025,0.4593789279460907,0.47383594512939453,0.48029792308807373
112401,14.471968650817871,18.66910743713379,-0.1669902205467224,1.6542186078486683,0.5777583718299866,0.744748592376709,0.4672236740589142,0.03364986553788185,7193664,0,0,0.561952143907547,0.20895051956176758,0.10338488221168518,0.4637600779533386,0.9816558361053467,0.5451831817626953,0.7145183682441711,,0.000797215907368809,0.0002149864740204066,0.05818193778395653,0.06816253811120987,0.46234196424484253,0.0684141293168068,0.9,0.4222416281700134,0.4431888163089752,0.4574347138404846,0.4623449146747589
112601,14.194367408752441,19.37183380126953,-0.15706557035446167,1.731182231796979,0.6281239986419678,0.7851895689964294,0.5330995917320251,0.014687005430459976,7206464,0,0,0.6242944598197937,0.20531505346298218,0.08402886986732483,0.49131467938423157,0.9866843223571777,0.5622795224189758,0.7321574091911316,,0.0008303207578137517,0.0003013851819559932,0.047422751784324646,0.06802026182413101,0.46694058179855347,0.06779297441244125,0.9,0.37187594175338745,0.39112070202827454,0.40508922934532166,0.4110108017921448
112801,14.369108200073242,19.749710083007812,-0.1565144658088684,1.6420128853571907,0.5996984243392944,0.7562128901481628,0.4939379394054413,0.03253328427672386,7219264,0,1,0.5701358020305634,0.2096615433692932,0.09380855411291122,0.3708103895187378,0.9699529409408569,0.47164180874824524,0.6548168659210205,,0.0008412764873355627,0.0003179498016834259,0.051396265625953674,0.06394784897565842,0.3865372836589813,0.06587159633636475,0.9,0.4003015458583832,0.42242756485939026,0.4379623234272003,0.44325754046440125
113001,14.109951972961426,19.408679962158203,-0.1535356044769287,1.6906694337416914,0.6241647005081177,0.7777003049850464,0.5223172307014465,0.015174887143075466,7232064,0,0,0.615572601556778,0.21582961082458496,0.08778385072946548,0.5221201777458191,0.9849616289138794,0.5595658421516418,0.7364993691444397,,0.000825778697617352,0.000284643261693418,0.05119560658931732,0.06980174034833908,0.49219387769699097,0.069577157497406,0.9,0.3758353292942047,0.3899945616722107,0.40195250511169434,0.40727320313453674
113201,14.192107200622559,18.58413314819336,-0.16320842504501343,1.6508522671225339,0.5860304832458496,0.749238908290863,0.4741886854171753,0.04292996600270271,7244864,0,1,0.5612621903419495,0.21496516466140747,0.09987665712833405,0.42678576707839966,0.9787119030952454,0.5696065425872803,0.705291748046875,,0.0008292642887681723,0.00034082093043252826,0.05692864581942558,0.06711719930171967,0.4256380796432495,0.06757762283086777,0.9,0.413969486951828,0.43304064869880676,0.44812196493148804,0.45332300662994385
113401,14.484658241271973,18.493408203125,-0.1670297384262085,1.6957287925530569,0.5928914546966553,0.7599211931228638,0.48266085982322693,0.029170863330364227,7257664,0,0,0.5682804584503174,0.21619409322738647,0.09873251616954803,0.4934680163860321,0.9857273697853088,0.603527843952179,0.7614654302597046,,0.0008092961506918073,0.00023775530280545354,0.053750038146972656,0.0689561516046524,0.4866103529930115,0.0685814842581749,0.9,0.40710848569869995,0.42275771498680115,0.43613287806510925,0.44188404083251953
113601,14.380680084228516,19.15725326538086,-0.15921801328659058,1.6591716242080026,0.5992394089698792,0.7584574222564697,0.5011218786239624,0.03074491396546364,7270464,0,0,0.5801576972007751,0.19955343008041382,0.09960129112005234,0.4897806644439697,0.9799320101737976,0.5383989214897156,0.7033921480178833,,0.0007649272447451949,0.0003775535151362419,0.0537993498146534,0.06821189820766449,0.482978492975235,0.06882718950510025,0.9,0.4007605016231537,0.42041927576065063,0.4343562424182892,0.4414069652557373
113801,14.42933464050293,18.308637619018555,-0.16498881578445435,1.6829226952725531,0.5934189558029175,0.7584077715873718,0.4877590537071228,0.03837808594107628,7283264,0,0,0.5756478309631348,0.20870906114578247,0.10782808810472488,0.42289674282073975,0.9863667488098145,0.5864315032958984,0.7598372101783752,,0.0008234885754063725,0.000184240925591439,0.054938748478889465,0.06379450112581253,0.4262593686580658,0.06411083787679672,0.9,0.40658101439476013,0.4326331615447998,0.448271244764328,0.4565911591053009
114001,14.569737434387207,17.442062377929688,-0.18597197532653809,1.689405933002767,0.5442711710929871,0.7302431464195251,0.4335721731185913,0.04814174771308899,7296064,0,0,0.5118747353553772,0.1958596110343933,0.1264919638633728,0.45529794692993164,0.9781022667884827,0.5308005809783936,0.6955224275588989,,0.000679288525134325,0.00016934605082497,0.06033646687865257,0.06666851043701172,0.4655127227306366,0.06706974655389786,0.9,0.45572879910469055,0.4796444773674011,0.49710187315940857,0.5053281188011169
114201,14.39845085144043,18.750228881835938,-0.17115157842636108,1.698351553474798,0.5837690234184265,0.7549206018447876,0.4715583026409149,0.04190858080983162,7308864,0,0,0.560361385345459,0.21437722444534302,0.10222373902797699,0.5044621229171753,0.9852607250213623,0.5723202228546143,0.7696065306663513,,0.0006986540975049138,0.0002719616168178618,0.05671755224466324,0.06957890838384628,0.49388372898101807,0.06938175857067108,0.9,0.4162309169769287,0.43307167291641235,0.4453604817390442,0.4498629868030548
114401,14.213286399841309,19.608381271362305,-0.15604263544082642,1.7393573877532578,0.6329056620597839,0.7889482975006104,0.5321773886680603,0.028408687561750412,7321664,0,0,0.6118360459804535,0.219135582447052,0.09031525254249573,0.5337041616439819,0.9878572821617126,0.5875169634819031,0.768792450428009,,0.0007256145472638309,0.0005591936642304063,0.052209287881851196,0.07071880996227264,0.5033752918243408,0.07070706784725189,0.9,0.36709433794021606,0.38287481665611267,0.3948017656803131,0.4004809260368347
114601,14.445588111877441,18.712535858154297,-0.1685546636581421,1.6625178639202696,0.5770300626754761,0.7455847263336182,0.47446274757385254,0.033343132585287094,7334464,0,0,0.5628605484962463,0.19588488340377808,0.11429456621408463,0.48583459854125977,0.9861210584640503,0.611940324306488,0.7720488905906677,,0.0007501461077481508,0.00018137047300115228,0.05488213896751404,0.06541306525468826,0.4785047769546509,0.0656156986951828,0.9,0.42296990752220154,0.44827190041542053,0.4624534547328949,0.4681312143802643
114801,14.106127738952637,20.896896362304688,-0.15348565578460693,1.750786338641678,0.6420811414718628,0.7955667972564697,0.5491881966590881,0.02416820079088211,7347264,0,0,0.6204182803630829,0.20761257410049438,0.089176245033741,0.4539085924625397,0.9803318381309509,0.5215739607810974,0.6735414266586304,,0.0008209669031202793,0.0007489572744816542,0.0460926853120327,0.06911183893680573,0.42443129420280457,0.06800278276205063,0.9,0.3579188287258148,0.37597155570983887,0.3892681300640106,0.39579111337661743
115001,14.1071195602417,20.072425842285156,-0.1513131856918335,1.674724547468468,0.6244276165962219,0.7757408022880554,0.5214666724205017,0.029718944802880287,7360064,0,0,0.6048133373260498,0.21723324060440063,0.09638853371143341,0.5086533427238464,0.9875693917274475,0.5883311033248901,0.7446404695510864,,0.0007671065395697951,0.0002454628993291408,0.05066118761897087,0.06838245689868927,0.48250633478164673,0.06847555935382843,0.9,0.3755723834037781,0.39264240860939026,0.40536534786224365,0.40879911184310913
115201,14.340489387512207,19.031949996948242,-0.16005617380142212,1.6342486130741383,0.5875882506370544,0.7476444244384766,0.4821193218231201,0.02572891116142273,7372864,0,0,0.5726971626281738,0.20570415258407593,0.10539954155683517,0.46911728382110596,0.9866196513175964,0.602171003818512,0.7674355506896973,,0.0007590052555315197,0.00020418979693204165,0.05408596247434616,0.06637698411941528,0.46679970622062683,0.06688901036977768,0.9,0.41241171956062317,0.434001088142395,0.44796791672706604,0.4529227912425995
115401,14.439398765563965,19.284334182739258,-0.16661101579666138,1.6387231427912692,0.5725388526916504,0.7391498684883118,0.4621519446372986,0.033407967537641525,7385664,0,1,0.5426027774810791,0.20617395639419556,0.10921704024076462,0.4428742527961731,0.9793645739555359,0.4884667694568634,0.6716418266296387,,0.0007205482106655836,0.0002417991345282644,0.057067811489105225,0.0668158009648323,0.45062917470932007,0.0689593106508255,0.9,0.4274611473083496,0.44947418570518494,0.4634905159473419,0.4674184322357178
115601,14.401166915893555,18.41201400756836,-0.1699007749557495,1.6675766095649394,0.5755954384803772,0.7454962134361267,0.47666627168655396,0.02615435980260372,7398464,0,0,0.561233639717102,0.19201433658599854,0.11353608965873718,0.5205817222595215,0.986332893371582,0.6113975644111633,0.7766621708869934,,0.0007385415956377983,0.0001621427945792675,0.056539274752140045,0.07257942110300064,0.5140009522438049,0.07298865914344788,0.9,0.4244045913219452,0.4462953209877014,0.46183961629867554,0.4675975739955902
115801,14.43287181854248,18.845111846923828,-0.16727060079574585,1.6787779971570191,0.5863003730773926,0.7535709738731384,0.4755603075027466,0.03336656093597412,7411264,0,1,0.5797015726566315,0.21492713689804077,0.10689245164394379,0.442449152469635,0.9805858135223389,0.41981005668640137,0.6423338055610657,,0.0006756380316801369,0.000319058948662132,0.060381289571523666,0.06738144904375076,0.44995373487472534,0.06898941844701767,0.9,0.41369959712028503,0.4319974184036255,0.4438847005367279,0.4480281472206116
116001,14.519061088562012,17.642038345336914,-0.16829103231430054,1.6280166856917124,0.5637367367744446,0.7320277690887451,0.44620993733406067,0.031191956251859665,7424064,0,1,0.5451667010784149,0.21401041746139526,0.11467394232749939,0.4934207797050476,0.9850582480430603,0.5308005809783936,0.7299864292144775,,0.0007037441246211529,0.00014223181642591953,0.05825764313340187,0.06993751227855682,0.5040892362594604,0.07121583074331284,0.9,0.43626323342323303,0.4562940299510956,0.47123196721076965,0.4755189120769501
116201,14.392950057983398,19.012126922607422,-0.17635482549667358,1.6820565734272666,0.5650818347930908,0.7414366602897644,0.4532223343849182,0.01989363692700863,7436864,0,0,0.5462848544120789,0.20557236671447754,0.11840377002954483,0.505316972732544,0.9837959408760071,0.5636363625526428,0.7286295890808105,,0.0007417052984237671,0.00017455490888096392,0.058639347553253174,0.07145950943231583,0.5012313723564148,0.07179056107997894,0.9,0.4349181652069092,0.458603173494339,0.47269517183303833,0.4782961905002594
116401,14.251518249511719,19.08979606628418,-0.16847801208496094,1.6900205742229495,0.5873582363128662,0.7558362483978271,0.48250043392181396,0.02314220555126667,7449664,0,1,0.5777352750301361,0.20520997047424316,0.10566682368516922,0.49700653553009033,0.9830548167228699,0.5047490000724792,0.708005428314209,,0.0007109580328688025,0.00021426143939606845,0.05574217811226845,0.0694095715880394,0.49918481707572937,0.0711168423295021,0.9,0.4126417338848114,0.43322545289993286,0.4483243227005005,0.4520781338214874
116601,14.468660354614258,18.656421661376953,-0.1664791703224182,1.6882446128647617,0.591631293296814,0.7581104636192322,0.47833487391471863,0.0321623720228672,7462464,0,1,0.5639210045337677,0.22015297412872314,0.10219549387693405,0.4643796980381012,0.982072114944458,0.5012211799621582,0.6900950074195862,,0.0006940991734154522,0.000187742174603045,0.056679777801036835,0.07148342579603195,0.4673396944999695,0.07226080447435379,0.9,0.4083687365055084,0.4291515350341797,0.4432438611984253,0.44907060265541077
116801,14.452784538269043,18.99506950378418,-0.17689579725265503,1.70220286997973,0.5711886882781982,0.7480844855308533,0.47000718116760254,0.04436589777469635,7475264,0,1,0.552229106426239,0.19352573156356812,0.12177145481109619,0.425638347864151,0.9787868857383728,0.4279511570930481,0.6447761654853821,,0.0007563784602098167,0.00024736588238738477,0.0586116798222065,0.06569962948560715,0.44608959555625916,0.06747802346944809,0.9,0.42881131172180176,0.4588577449321747,0.4757424294948578,0.4841269850730896
117001,14.35519790649414,19.12730598449707,-0.16562050580978394,1.70510303435392,0.5994911193847656,0.7651116251945496,0.5019701719284058,0.022007018327713013,7488064,0,1,0.5724785625934601,0.19578486680984497,0.10012618452310562,0.46589964628219604,0.9857027530670166,0.5012211799621582,0.7142469882965088,,0.0007674501975998282,0.00020529059111140668,0.05435963347554207,0.07143306732177734,0.47067996859550476,0.07399822771549225,0.9,0.4005087912082672,0.4234328269958496,0.4372347891330719,0.442658931016922
117201,14.291048049926758,19.120769500732422,-0.15658420324325562,1.642454135782588,0.5996875762939453,0.7562717795372009,0.48931172490119934,0.02794366143643856,7500864,0,0,0.5950302481651306,0.21847480535507202,0.10536525398492813,0.520005464553833,0.9864109754562378,0.5856173634529114,0.7636364102363586,,0.0007351023959927261,0.0001743579050526023,0.05541660264134407,0.07556039839982986,0.5058533549308777,0.07529979199171066,0.9,0.4003124535083771,0.4212782680988312,0.43184465169906616,0.43753063678741455
117401,14.501860618591309,18.44145965576172,-0.16536599397659302,1.6407877697019222,0.5765672922134399,0.741933286190033,0.47175371646881104,0.024586191400885582,7513664,0,1,0.5585391521453857,0.20031344890594482,0.11250164359807968,0.4647992253303528,0.9869239330291748,0.5815468430519104,0.769335150718689,,0.000687352498061955,0.00015981779142748564,0.05703069642186165,0.0688086599111557,0.4689611792564392,0.06976806372404099,0.9,0.4234326481819153,0.4511468708515167,0.4675186574459076,0.4746096432209015
117601,14.287763595581055,19.376312255859375,-0.17195886373519897,1.7229082702968719,0.5901702046394348,0.7621290683746338,0.47752171754837036,0.038055118173360825,7526464,0,0,0.5646819770336151,0.21789908409118652,0.10903951525688171,0.5123411417007446,0.9826508164405823,0.5660787224769592,0.7397558093070984,,0.000691909808665514,0.00022640360111836344,0.05752984806895256,0.07337000221014023,0.49948829412460327,0.07331237941980362,0.9,0.4098297953605652,0.4281712770462036,0.4379141330718994,0.44334423542022705
117801,14.552276611328125,17.766437530517578,-0.17051464319229126,1.6106537999564972,0.5502524375915527,0.720767080783844,0.439182311296463,0.028932109475135803,7539264,0,0,0.5288220047950745,0.19949740171432495,0.12958993017673492,0.4902208745479584,0.9832449555397034,0.5962008237838745,0.7487109899520874,,0.0007444609072990716,9.44433850236237e-05,0.06187054514884949,0.06886085867881775,0.49260228872299194,0.06973543018102646,0.9,0.44974759221076965,0.47757062315940857,0.4931901693344116,0.49770623445510864
118001,14.490765571594238,18.65683937072754,-0.17240017652511597,1.6587190120381996,0.5658794641494751,0.7382796406745911,0.4569317698478699,0.04453267529606819,7552064,0,1,0.5467889904975891,0.20237630605697632,0.11779738962650299,0.46715062856674194,0.9810349345207214,0.49525102972984314,0.6890095472335815,,0.0007266471511684358,0.00018311923486180604,0.06086483225226402,0.06890439242124557,0.48093122243881226,0.07174798846244812,0.9,0.4341204762458801,0.46113061904907227,0.47387954592704773,0.4797478914260864
118201,14.269552230834961,19.352941513061523,-0.15870767831802368,1.719773244935153,0.6207955479621887,0.7795032262802124,0.5173393487930298,0.027794545516371727,7564864,0,0,0.592738002538681,0.21778947114944458,0.0974842980504036,0.49977126717567444,0.9872661828994751,0.5861601233482361,0.7489823698997498,,0.0007219351828098297,0.0002521794231142849,0.054966039955616,0.07346906512975693,0.4787353277206421,0.07401882857084274,0.9,0.3792044520378113,0.40034055709838867,0.4125045835971832,0.418745219707489
118401,14.553149223327637,17.247459411621094,-0.16648811101913452,1.6042336049695343,0.5579758882522583,0.7244639992713928,0.44179385900497437,0.041904449462890625,7577664,0,0,0.533241868019104,0.2095014452934265,0.11717075854539871,0.49264007806777954,0.9865477085113525,0.6168249845504761,0.7831750512123108,,0.0006238175556063652,0.00015460458234883845,0.06075577065348625,0.07257430255413055,0.4934191405773163,0.07258240878582001,0.9,0.4420240819454193,0.4655540883541107,0.47885560989379883,0.48482468724250793
118601,14.401278495788574,19.472381591796875,-0.16455888748168945,1.6779046743511774,0.5926947593688965,0.7572536468505859,0.4915480315685272,0.022852793335914612,7590464,0,0,0.5790496468544006,0.20017790794372559,0.11011314392089844,0.49217337369918823,0.98488450050354,0.5723202228546143,0.7343283891677856,,0.0007246806635521352,0.00019133577006869018,0.056161053478717804,0.07507000118494034,0.4798658490180969,0.07514681667089462,0.9,0.40730518102645874,0.4305732548236847,0.4444516599178314,0.4510275423526764
118801,14.0640230178833,19.54629898071289,-0.15582823753356934,1.7110910681826157,0.6250321269035339,0.7808603644371033,0.5164982676506042,0.023393714800477028,7603264,0,1,0.6144257485866547,0.22687947750091553,0.08666714280843735,0.5030668377876282,0.9818367958068848,0.4890095293521881,0.6827679872512817,,0.000683289603330195,0.00038903209497220814,0.05282682925462723,0.07554487884044647,0.4865451157093048,0.07725867629051208,0.9,0.3749678432941437,0.39019620418548584,0.3991212248802185,0.40472304821014404
119001,14.098984718322754,21.14068031311035,-0.15116745233535767,1.7500873219733435,0.6472994089126587,0.7984668612480164,0.5511103272438049,0.038135822862386703,7616064,0,0,0.6185818910598755,0.21697646379470825,0.08777765184640884,0.39230087399482727,0.9817020297050476,0.551967442035675,0.6911804676055908,,0.0008350905263796449,0.0006504897610284388,0.04921776056289673,0.06995839625597,0.3743337392807007,0.06938032805919647,0.9,0.3527005910873413,0.37027794122695923,0.38137802481651306,0.38625845313072205
119201,14.342025756835938,19.021629333496094,-0.1642555594444275,1.6835233903442357,0.5954372882843018,0.7596928477287292,0.4873603284358978,0.025966323912143707,7628864,0,0,0.578639417886734,0.21253585815429688,0.10062175989151001,0.5103027820587158,0.986142635345459,0.5766621828079224,0.74219810962677,,0.0007376013672910631,0.0002711196430027485,0.055636439472436905,0.07185211032629013,0.49360159039497375,0.0722268745303154,0.9,0.40456268191337585,0.42455291748046875,0.4349765479564667,0.44010090827941895
119401,14.361603736877441,18.92580223083496,-0.16190648078918457,1.6293772563281452,0.5808448195457458,0.7427513003349304,0.4750359356403351,0.03867577388882637,7641664,0,1,0.5533869564533234,0.20300018787384033,0.10114465653896332,0.4259706437587738,0.9761544466018677,0.5112618803977966,0.6944369077682495,,0.0007424911018460989,0.00026088947197422385,0.05737113952636719,0.06777480989694595,0.4304598271846771,0.06946095079183578,0.9,0.41915515065193176,0.4434668719768524,0.45844969153404236,0.4635063707828522
119601,14.31143569946289,18.99234962463379,-0.16441577672958374,1.6817444641174766,0.594415009021759,0.7588307857513428,0.4888492226600647,0.024963587522506714,7654464,0,0,0.5480736792087555,0.2085738182067871,0.10202766209840775,0.5052818059921265,0.9838113784790039,0.5606513023376465,0.7139756083488464,,0.0007303482852876186,0.00033756092307157815,0.05583958327770233,0.06869453191757202,0.489400714635849,0.06873985379934311,0.9,0.40558502078056335,0.4227482080459595,0.43289634585380554,0.43747037649154663
119801,14.37336540222168,18.890148162841797,-0.16239523887634277,1.6277349962709702,0.5789044499397278,0.7412996888160706,0.47125715017318726,0.030351286754012108,7667264,0,0,0.5516414940357208,0.20520669221878052,0.10984150320291519,0.5657981634140015,0.9864315390586853,0.6325644850730896,0.7782903909683228,,0.0007402327028103173,0.0002949284971691668,0.05387416481971741,0.0697304755449295,0.537788450717926,0.06952794641256332,0.9,0.4210955500602722,0.4423828423023224,0.45434021949768066,0.4591306447982788
120001,14.346968650817871,19.542572021484375,-0.16908270120620728,1.6625035849040741,0.575699508190155,0.7447822093963623,0.4636927545070648,0.02628941461443901,7680064,0,0,0.5554211437702179,0.20957821607589722,0.12139908224344254,0.5418370962142944,0.9837733507156372,0.5880597233772278,0.7538670301437378,,0.00068500149063766,0.00018422328867018223,0.05589485913515091,0.07147438824176788,0.521950364112854,0.07145226746797562,0.9,0.42430049180984497,0.44087454676628113,0.4522700607776642,0.4563734829425812
120201,14.076337814331055,19.74709129333496,-0.1581951379776001,1.7596751405960909,0.6335643529891968,0.7917594909667969,0.5282491445541382,0.035627350211143494,7692864,0,1,0.622098445892334,0.22629868984222412,0.08997157961130142,0.4265427589416504,0.986199140548706,0.47544100880622864,0.6871099472045898,,0.000767827732488513,0.0006406314205378294,0.050309762358665466,0.07012021541595459,0.4169623553752899,0.07077693194150925,0.9,0.3664356470108032,0.3803809881210327,0.39005380868911743,0.39559581875801086
120401,14.325840950012207,18.417919158935547,-0.1598224639892578,1.6619373950824528,0.5987310409545898,0.7585535049438477,0.49411529302597046,0.028320252895355225,7705664,0,0,0.5815286934375763,0.20957529544830322,0.10004525631666183,0.5155496597290039,0.9894792437553406,0.6260516047477722,0.7875170111656189,,0.0007993943872861564,0.00022945312957745045,0.050256870687007904,0.06856183707714081,0.5040892362594604,0.06827737390995026,0.9,0.40126895904541016,0.4210599362850189,0.4327217638492584,0.43796613812446594
120601,14.263635635375977,18.339000701904297,-0.16017526388168335,1.6507454539995021,0.5936835408210754,0.7538588047027588,0.48296788334846497,0.02328149601817131,7718464,0,0,0.5745872557163239,0.2163448929786682,0.10293438285589218,0.5555020570755005,0.9888347387313843,0.6263229250907898,0.795929491519928,,0.0008223896729759872,0.00017313723219558597,0.05154753848910332,0.06541400402784348,0.5371962785720825,0.0656859427690506,0.9,0.40631645917892456,0.42642685770988464,0.43963122367858887,0.44545212388038635
120801,14.07795524597168,20.17022132873535,-0.1497853398323059,1.6953090219587055,0.6347919702529907,0.7845773100852966,0.5297537446022034,0.02765236236155033,7731264,0,0,0.6253885328769684,0.22594982385635376,0.08377384394407272,0.5013830065727234,0.9857479333877563,0.5373134613037109,0.7058345079421997,,0.0007879027398303151,0.00044258576235733926,0.04767410084605217,0.07061030715703964,0.47125402092933655,0.0699160099029541,0.9,0.3652080297470093,0.377442866563797,0.3875318765640259,0.3910026550292969
121001,14.43533706665039,18.524124145507812,-0.16727733612060547,1.6557932043469858,0.5776463150978088,0.7449236512184143,0.47775354981422424,0.020738376304507256,7744064,0,0,0.5646565854549408,0.19131618738174438,0.11421611905097961,0.5489362478256226,0.9843190908432007,0.5951153635978699,0.7690638303756714,,0.0007219532853923738,0.0001635928056202829,0.05158640071749687,0.07210176438093185,0.5374771356582642,0.07196309417486191,0.9,0.4223536252975464,0.44813933968544006,0.46500229835510254,0.47203776240348816
121201,14.06463623046875,20.080318450927734,-0.1533794403076172,1.6576554081735142,0.6133989691734314,0.7667784094810486,0.5124368667602539,0.021812325343489647,7756864,0,0,0.5878143310546875,0.20852196216583252,0.10023657977581024,0.5193408131599426,0.9835862517356873,0.5118046402931213,0.6846675872802734,,0.0007878838805481791,0.0005015234928578138,0.04977940022945404,0.06857870519161224,0.4932667016983032,0.0683719590306282,0.9,0.3866010308265686,0.40369877219200134,0.4148615002632141,0.42034342885017395
121401,14.28437328338623,18.077131271362305,-0.16244429349899292,1.628500222309547,0.5790923237800598,0.7415366172790527,0.4737536907196045,0.03063333034515381,7769664,0,0,0.5602301061153412,0.20174473524093628,0.1068093404173851,0.5006060600280762,0.9845895171165466,0.6206241846084595,0.7780190110206604,,0.0006985872751101851,0.00012491969391703606,0.05584726482629776,0.068584144115448,0.4970349669456482,0.06863588094711304,0.9,0.42090773582458496,0.4389601945877075,0.4512459635734558,0.45604485273361206
121601,14.438814163208008,17.9794979095459,-0.16188651323318481,1.6033338353701367,0.5697935223579407,0.7316800355911255,0.45893362164497375,0.03526276722550392,7782464,0,1,0.5414610803127289,0.20699161291122437,0.11700402200222015,0.520146906375885,0.9857767224311829,0.6276798248291016,0.7804613709449768,,0.0007263809675350785,0.0001478560734540224,0.05711732432246208,0.07118439674377441,0.5176501274108887,0.07193764299154282,0.9,0.4302064776420593,0.4513041079044342,0.4655034840106964,0.47174766659736633
121801,14.217000961303711,20.078859329223633,-0.15858596563339233,1.6453113604375822,0.5956629514694214,0.7542489171028137,0.4840705692768097,0.027225201949477196,7795264,0,0,0.5885074138641357,0.21905964612960815,0.1014571413397789,0.48937955498695374,0.9822407960891724,0.5424695014953613,0.701763927936554,,0.000698396994266659,0.00027310571749694645,0.053635355085134506,0.07088778913021088,0.47619205713272095,0.07064762711524963,0.9,0.4043370485305786,0.41871535778045654,0.4283040761947632,0.4311683475971222
122001,14.356842041015625,19.080135345458984,-0.1648840308189392,1.5727350856826736,0.547227144241333,0.7121111750602722,0.4281201660633087,0.03171193599700928,7808064,0,1,0.5390915274620056,0.20997190475463867,0.11987558007240295,0.5288127660751343,0.9789585471153259,0.5118046402931213,0.6947082877159119,,0.0007359902956523001,0.0002235729480162263,0.05764590576291084,0.06901334226131439,0.5288465023040771,0.07044132053852081,0.9,0.4527728855609894,0.47032609581947327,0.4829055964946747,0.48628565669059753
122201,14.265941619873047,19.985755920410156,-0.1594887375831604,1.6117489361517283,0.5798017978668213,0.7392905354499817,0.4688655436038971,0.019348155707120895,7820864,0,0,0.5675376057624817,0.21076345443725586,0.1173148900270462,0.5724786520004272,0.9850910902023315,0.5682497024536133,0.7473541498184204,,0.0007632795022800565,0.00018953121616505086,0.055394433438777924,0.07332413643598557,0.5458420515060425,0.07322026789188385,0.9,0.4201981723308563,0.4426443576812744,0.45436957478523254,0.45808058977127075
