arm,step_a,step_b,delta_step,kind,drift_cos,drift_cos_aligned,rot_gap,cka
arm1,2000,5000,3000,adjacent,0.734698,0.359270,0.375428,0.670758
arm1,5000,7000,2000,adjacent,0.716814,0.374933,0.341881,0.565529
arm1,2000,7000,5000,vs_first,0.874789,0.418432,0.456357,0.530700
arm1,7000,10000,3000,adjacent,0.546087,0.311229,0.234857,0.609885
arm1,2000,10000,8000,vs_first,0.893431,0.422311,0.471120,0.534286
arm1,10000,12000,2000,adjacent,0.558518,0.307778,0.250740,0.606021
arm1,2000,12000,10000,vs_first,0.910019,0.423934,0.486085,0.517558
arm1,12000,15000,3000,adjacent,0.582696,0.342520,0.240176,0.561857
arm1,2000,15000,13000,vs_first,0.917940,0.456535,0.461405,0.475700
arm1,15000,17000,2000,adjacent,0.560277,0.349177,0.211101,0.557298
arm1,2000,17000,15000,vs_first,0.938077,0.489195,0.448882,0.409981
arm1,17000,20000,3000,adjacent,0.570994,0.357377,0.213617,0.533013
arm1,2000,20000,18000,vs_first,0.954499,0.540286,0.414213,0.329567
arm1,20000,22000,2000,adjacent,0.564226,0.365271,0.198956,0.507638
arm1,2000,22000,20000,vs_first,0.960567,0.559102,0.401465,0.299038
arm1,22000,25000,3000,adjacent,0.569127,0.376801,0.192326,0.485154
arm1,2000,25000,23000,vs_first,0.958549,0.582028,0.376521,0.265870
arm3,2000,12500,10500,adjacent,0.908941,0.548168,0.360773,0.575030
arm3,12500,25000,12500,adjacent,0.926353,0.667735,0.258619,0.243099
arm3,2000,25000,23000,vs_first,0.974273,0.716133,0.258139,0.179997
arm4,2000,5000,3000,adjacent,0.872144,0.395990,0.476153,0.569111
arm4,5000,7000,2000,adjacent,0.761147,0.470617,0.290530,0.461400
arm4,2000,7000,5000,vs_first,0.899197,0.514447,0.384751,0.467661
arm4,7000,10000,3000,adjacent,0.639275,0.421502,0.217773,0.576246
arm4,2000,10000,8000,vs_first,0.917047,0.552394,0.364653,0.460686
arm4,10000,12000,2000,adjacent,0.564380,0.360980,0.203401,0.652590
arm4,2000,12000,10000,vs_first,0.919856,0.575493,0.344363,0.441715
arm4,12000,15000,3000,adjacent,0.534431,0.348319,0.186112,0.666805
arm4,2000,15000,13000,vs_first,0.930243,0.600469,0.329773,0.424355
arm4,15000,17000,2000,adjacent,0.513941,0.329884,0.184057,0.683896
arm4,2000,17000,15000,vs_first,0.936471,0.614692,0.321780,0.372636
arm4,17000,20000,3000,adjacent,0.506209,0.329331,0.176879,0.683091
arm4,2000,20000,18000,vs_first,0.946737,0.632387,0.314349,0.334231
arm4,20000,22000,2000,adjacent,0.498601,0.320580,0.178020,0.696700
arm4,2000,22000,20000,vs_first,0.949871,0.637686,0.312185,0.314983
arm4,22000,25000,3000,adjacent,0.515047,0.329000,0.186047,0.690455
arm4,2000,25000,23000,vs_first,0.955626,0.649423,0.306202,0.303648
arm4,25000,30000,5000,adjacent,0.680652,0.423248,0.257404,0.616769
arm4,2000,30000,28000,vs_first,0.961862,0.666007,0.295855,0.275279
arm4,30000,35000,5000,adjacent,0.685028,0.431057,0.253970,0.572433
arm4,2000,35000,33000,vs_first,0.963841,0.673302,0.290539,0.247848
arm4,35000,40000,5000,adjacent,0.675593,0.425178,0.250415,0.555307
arm4,2000,40000,38000,vs_first,0.969303,0.680365,0.288938,0.236258
arm4,40000,45000,5000,adjacent,0.682970,0.444798,0.238173,0.546863
arm4,2000,45000,43000,vs_first,0.974172,0.689197,0.284974,0.227106
arm4,45000,50000,5000,adjacent,0.702127,0.456124,0.246003,0.518509
arm4,2000,50000,48000,vs_first,0.981943,0.708166,0.273778,0.194065
arm5,2000,5000,3000,adjacent,0.977306,0.368548,0.608758,0.601896
arm5,5000,7000,2000,adjacent,0.920100,0.317911,0.602189,0.743375
arm5,2000,7000,5000,vs_first,0.981343,0.383286,0.598057,0.581838
arm5,7000,10000,3000,adjacent,0.853931,0.250993,0.602938,0.805242
arm5,2000,10000,8000,vs_first,0.981844,0.355348,0.626496,0.579958
arm5,10000,12000,2000,adjacent,0.884044,0.141925,0.742119,0.878404
arm5,2000,12000,10000,vs_first,0.986264,0.376810,0.609454,0.549312
arm5,12000,15000,3000,adjacent,0.846975,0.126773,0.720202,0.907097
arm5,2000,15000,13000,vs_first,0.985610,0.390669,0.594941,0.553165
arm5,15000,17000,2000,adjacent,0.780201,0.149700,0.630501,0.863772
arm5,2000,17000,15000,vs_first,0.996020,0.411260,0.584760,0.518504
arm5,17000,20000,3000,adjacent,0.792896,0.198346,0.594550,0.807750
arm5,2000,20000,18000,vs_first,0.994415,0.419729,0.574686,0.471562
arm5,20000,22000,2000,adjacent,0.808990,0.301681,0.507309,0.670447
arm5,2000,22000,20000,vs_first,0.996070,0.417884,0.578186,0.436599
arm5,22000,25000,3000,adjacent,0.858125,0.387874,0.470251,0.458671
arm5,2000,25000,23000,vs_first,0.979211,0.477401,0.501810,0.349128
arm5,25000,30000,5000,adjacent,0.927767,0.456769,0.470998,0.345208
arm5,2000,30000,28000,vs_first,0.994254,0.560493,0.433761,0.257937
arm5,30000,35000,5000,adjacent,0.961673,0.474598,0.487075,0.351164
arm5,2000,35000,33000,vs_first,0.991468,0.609946,0.381522,0.259970
arm5,35000,40000,5000,adjacent,0.966517,0.422356,0.544161,0.402777
arm5,2000,40000,38000,vs_first,1.001548,0.594816,0.406732,0.241146
arm5,40000,45000,5000,adjacent,0.953738,0.459319,0.494419,0.344551
arm5,2000,45000,43000,vs_first,1.000282,0.596149,0.404133,0.256262
arm5,45000,50000,5000,adjacent,0.929611,0.470735,0.458876,0.366174
arm5,2000,50000,48000,vs_first,0.996819,0.577595,0.419223,0.296651
arm6v2,2000,5000,3000,adjacent,0.585295,0.249780,0.335515,0.672679
arm6v2,5000,7000,2000,adjacent,0.505679,0.208262,0.297417,0.766774
arm6v2,2000,7000,5000,vs_first,0.681163,0.291454,0.389709,0.659368
arm6v2,7000,10000,3000,adjacent,0.430388,0.186855,0.243533,0.805412
arm6v2,2000,10000,8000,vs_first,0.738195,0.330340,0.407854,0.621943
arm6v2,10000,12000,2000,adjacent,0.405648,0.203196,0.202452,0.748478
arm6v2,2000,12000,10000,vs_first,0.786806,0.368663,0.418143,0.570535
arm6v2,12000,15000,3000,adjacent,0.448639,0.223995,0.224644,0.737465
arm6v2,2000,15000,13000,vs_first,0.823969,0.416810,0.407159,0.502579
arm6v2,15000,17000,2000,adjacent,0.363124,0.189632,0.173492,0.754146
arm6v2,2000,17000,15000,vs_first,0.859027,0.453966,0.405061,0.431560
arm6v2,17000,20000,3000,adjacent,0.381661,0.174674,0.206987,0.766976
arm6v2,2000,20000,18000,vs_first,0.893350,0.473689,0.419661,0.395569
arm6v2,20000,22000,2000,adjacent,0.462456,0.201516,0.260940,0.731113
arm6v2,2000,22000,20000,vs_first,0.903695,0.485469,0.418225,0.359453
arm6v2,22000,25000,3000,adjacent,0.598731,0.283878,0.314853,0.625294
arm6v2,2000,25000,23000,vs_first,0.916546,0.475958,0.440588,0.356217
arm6v2,25000,30000,5000,adjacent,0.630810,0.276485,0.354325,0.621965
arm6v2,2000,30000,28000,vs_first,0.942585,0.515574,0.427011,0.303547
arm6v2,30000,35000,5000,adjacent,0.570052,0.228747,0.341304,0.673497
arm6v2,2000,35000,33000,vs_first,0.948448,0.530438,0.418010,0.269899
arm6v2,35000,40000,5000,adjacent,0.567220,0.215858,0.351363,0.689910
arm6v2,2000,40000,38000,vs_first,0.962796,0.548964,0.413833,0.267275
arm6v2,40000,45000,5000,adjacent,0.433373,0.238158,0.195215,0.707866
arm6v2,2000,45000,43000,vs_first,0.958786,0.576397,0.382389,0.275246
arm6v2,45000,50000,5000,adjacent,0.430709,0.220104,0.210605,0.726431
arm6v2,2000,50000,48000,vs_first,0.970505,0.548700,0.421805,0.306432
bimoco,2000,5000,3000,adjacent,0.623266,0.245020,0.378245,0.683664
bimoco,5000,7000,2000,adjacent,0.537536,0.231213,0.306323,0.690797
bimoco,2000,7000,5000,vs_first,0.691003,0.297560,0.393443,0.618338
bimoco,7000,10000,3000,adjacent,0.470881,0.202234,0.268647,0.714714
bimoco,2000,10000,8000,vs_first,0.717369,0.308885,0.408484,0.617459
bimoco,10000,12000,2000,adjacent,0.464032,0.226716,0.237316,0.699684
bimoco,2000,12000,10000,vs_first,0.733178,0.317583,0.415595,0.630766
bimoco,12000,15000,3000,adjacent,0.385403,0.169467,0.215936,0.794331
bimoco,2000,15000,13000,vs_first,0.749812,0.325040,0.424772,0.629419
bimoco,15000,17000,2000,adjacent,0.556185,0.240829,0.315356,0.657469
bimoco,2000,17000,15000,vs_first,0.778019,0.355382,0.422637,0.589039
bimoco,17000,20000,3000,adjacent,0.462277,0.187166,0.275111,0.750370
bimoco,2000,20000,18000,vs_first,0.805285,0.360256,0.445029,0.600241
bimoco,20000,22000,2000,adjacent,0.417761,0.165840,0.251922,0.791734
bimoco,2000,22000,20000,vs_first,0.834678,0.365883,0.468795,0.601454
bimoco,22000,25000,3000,adjacent,0.386922,0.158368,0.228554,0.810154
bimoco,2000,25000,23000,vs_first,0.849491,0.376414,0.473077,0.592582
