cell,leg,step,latent,kind,step_ref,delta_step,drift_cos,drift_cos_aligned,rot_gap,cka
arm1_nse,leg_40k,20000,student_h,adjacent,0,20000,0.959087,0.727502,0.231585,0.221570
arm1_nse,leg_40k,20000,teacher_h,adjacent,0,20000,0.960828,0.726231,0.234597,0.221805
arm1_nse,leg_40k,40000,student_h,adjacent,20000,20000,0.901197,0.564351,0.336846,0.355085
arm1_nse,leg_40k,40000,student_h,vs_initial,0,40000,1.016897,0.739410,0.277487,0.209186
arm1_nse,leg_40k,40000,teacher_h,adjacent,20000,20000,0.901493,0.562487,0.339006,0.359366
arm1_nse,leg_40k,40000,teacher_h,vs_initial,0,40000,1.017545,0.740165,0.277379,0.211459
arm1_nse,leg_100k,60000,student_h,adjacent,40000,20000,0.900825,0.596531,0.304294,0.293253
arm1_nse,leg_100k,60000,teacher_h,adjacent,40000,20000,0.902338,0.597253,0.305085,0.293293
arm1_nse,leg_100k,80000,student_h,adjacent,60000,20000,0.900682,0.588125,0.312557,0.280840
arm1_nse,leg_100k,80000,student_h,vs_initial,40000,40000,0.943092,0.677616,0.265476,0.223597
arm1_nse,leg_100k,80000,teacher_h,adjacent,60000,20000,0.897250,0.585113,0.312137,0.285307
arm1_nse,leg_100k,80000,teacher_h,vs_initial,40000,40000,0.944252,0.680247,0.264005,0.221908
arm1_nse,leg_100k,100000,student_h,adjacent,80000,20000,0.840646,0.462643,0.378003,0.440366
arm1_nse,leg_100k,100000,student_h,vs_initial,40000,60000,0.956975,0.684281,0.272695,0.195403
arm1_nse,leg_100k,100000,teacher_h,adjacent,80000,20000,0.820256,0.434320,0.385936,0.462444
arm1_nse,leg_100k,100000,teacher_h,vs_initial,40000,60000,0.953114,0.678373,0.274741,0.197384
arm4_combab,leg_40k,20000,student_h,adjacent,0,20000,1.024877,0.569265,0.455612,0.131919
arm4_combab,leg_40k,20000,teacher_h,adjacent,0,20000,1.017629,0.577864,0.439765,0.110463
arm4_combab,leg_40k,40000,student_h,adjacent,20000,20000,0.972817,0.470673,0.502144,0.244399
arm4_combab,leg_40k,40000,student_h,vs_initial,0,40000,0.974560,0.516011,0.458549,0.097664
arm4_combab,leg_40k,40000,teacher_h,adjacent,20000,20000,0.976644,0.488574,0.488069,0.197923
arm4_combab,leg_40k,40000,teacher_h,vs_initial,0,40000,0.969150,0.519961,0.449189,0.103272
arm4_combab,leg_100k,60000,student_h,adjacent,40000,20000,0.988632,0.407201,0.581431,0.356971
arm4_combab,leg_100k,60000,teacher_h,adjacent,40000,20000,0.971123,0.403898,0.567225,0.396312
arm4_combab,leg_100k,80000,student_h,adjacent,60000,20000,0.909122,0.388166,0.520956,0.452171
arm4_combab,leg_100k,80000,student_h,vs_initial,40000,40000,1.003181,0.406547,0.596633,0.335192
arm4_combab,leg_100k,80000,teacher_h,adjacent,60000,20000,0.908136,0.397035,0.511101,0.458327
arm4_combab,leg_100k,80000,teacher_h,vs_initial,40000,40000,1.002721,0.412487,0.590234,0.360186
arm4_combab,leg_100k,100000,student_h,adjacent,80000,20000,0.800776,0.381259,0.419517,0.441986
arm4_combab,leg_100k,100000,student_h,vs_initial,40000,60000,1.014744,0.430324,0.584421,0.279535
arm4_combab,leg_100k,100000,teacher_h,adjacent,80000,20000,0.816743,0.388697,0.428046,0.458993
arm4_combab,leg_100k,100000,teacher_h,vs_initial,40000,60000,1.015111,0.428942,0.586169,0.313282
arm5_combab_alignS,leg_40k,20000,student_h,adjacent,0,20000,1.066569,0.395684,0.670885,0.203651
arm5_combab_alignS,leg_40k,20000,teacher_h,adjacent,0,20000,1.056013,0.424033,0.631980,0.195024
arm5_combab_alignS,leg_40k,40000,student_h,adjacent,20000,20000,1.032023,0.358147,0.673876,0.345360
arm5_combab_alignS,leg_40k,40000,student_h,vs_initial,0,40000,0.993402,0.430480,0.562922,0.221039
arm5_combab_alignS,leg_40k,40000,teacher_h,adjacent,20000,20000,1.033244,0.383392,0.649852,0.367999
arm5_combab_alignS,leg_40k,40000,teacher_h,vs_initial,0,40000,1.009683,0.478594,0.531089,0.219957
arm5_combab_alignS,leg_100k,60000,student_h,adjacent,40000,20000,0.944217,0.345393,0.598824,0.315558
arm5_combab_alignS,leg_100k,60000,teacher_h,adjacent,40000,20000,0.954765,0.384330,0.570435,0.330437
arm5_combab_alignS,leg_100k,80000,student_h,adjacent,60000,20000,0.950827,0.357236,0.593590,0.325853
arm5_combab_alignS,leg_100k,80000,student_h,vs_initial,40000,40000,0.916260,0.372221,0.544039,0.350090
arm5_combab_alignS,leg_100k,80000,teacher_h,adjacent,60000,20000,0.899758,0.377784,0.521975,0.336219
arm5_combab_alignS,leg_100k,80000,teacher_h,vs_initial,40000,40000,0.951157,0.400835,0.550322,0.350182
arm5_combab_alignS,leg_100k,100000,student_h,adjacent,80000,20000,1.004677,0.373746,0.630931,0.300045
arm5_combab_alignS,leg_100k,100000,student_h,vs_initial,40000,60000,0.960007,0.342201,0.617805,0.319312
arm5_combab_alignS,leg_100k,100000,teacher_h,adjacent,80000,20000,0.930448,0.428098,0.502351,0.282459
arm5_combab_alignS,leg_100k,100000,teacher_h,vs_initial,40000,60000,0.944305,0.433521,0.510784,0.276229
arm5_combab_alignS,leg_200k,120000,student_h,adjacent,100000,20000,0.765311,0.244690,0.520621,0.323206
arm5_combab_alignS,leg_200k,120000,teacher_h,adjacent,100000,20000,0.000036,0.000020,0.000016,0.999950
arm5_combab_alignS,leg_200k,140000,student_h,adjacent,120000,20000,0.940932,0.240612,0.700321,0.421013
arm5_combab_alignS,leg_200k,140000,student_h,vs_initial,100000,40000,1.067667,0.276675,0.790993,0.345246
arm5_combab_alignS,leg_200k,140000,teacher_h,adjacent,120000,20000,0.000748,0.000574,0.000175,0.998697
arm5_combab_alignS,leg_200k,140000,teacher_h,vs_initial,100000,40000,0.000936,0.000709,0.000226,0.998391
arm5_combab_alignS,leg_200k,160000,student_h,adjacent,140000,20000,0.729149,0.199483,0.529666,0.494988
arm5_combab_alignS,leg_200k,160000,student_h,vs_initial,100000,60000,1.080981,0.273258,0.807723,0.313345
arm5_combab_alignS,leg_200k,160000,teacher_h,adjacent,140000,20000,0.000066,0.000040,0.000026,0.999897
arm5_combab_alignS,leg_200k,160000,teacher_h,vs_initial,100000,60000,0.000586,0.000462,0.000124,0.998942
arm5_combab_alignS,leg_200k,180000,student_h,adjacent,160000,20000,0.836746,0.251350,0.585396,0.386314
arm5_combab_alignS,leg_200k,180000,student_h,vs_initial,100000,80000,0.963899,0.311035,0.652863,0.296716
arm5_combab_alignS,leg_200k,180000,teacher_h,adjacent,160000,20000,0.000210,0.000170,0.000041,0.999643
arm5_combab_alignS,leg_200k,180000,teacher_h,vs_initial,100000,80000,0.001025,0.000845,0.000179,0.998152
arm5_combab_alignS,leg_200k,200000,student_h,adjacent,180000,20000,0.871227,0.302978,0.568249,0.325378
arm5_combab_alignS,leg_200k,200000,student_h,vs_initial,100000,100000,0.965089,0.300248,0.664841,0.344305
arm5_combab_alignS,leg_200k,200000,teacher_h,adjacent,180000,20000,0.000035,0.000022,0.000012,0.999936
arm5_combab_alignS,leg_200k,200000,teacher_h,vs_initial,100000,100000,0.001120,0.000947,0.000173,0.997947
arm5_combab_alignT,leg_40k,20000,student_h,adjacent,0,20000,1.025147,0.486826,0.538320,0.077538
arm5_combab_alignT,leg_40k,20000,teacher_h,adjacent,0,20000,1.034808,0.492373,0.542435,0.074394
arm5_combab_alignT,leg_40k,40000,student_h,adjacent,20000,20000,0.963368,0.312999,0.650370,0.386300
arm5_combab_alignT,leg_40k,40000,student_h,vs_initial,0,40000,1.023652,0.476525,0.547127,0.088570
arm5_combab_alignT,leg_40k,40000,teacher_h,adjacent,20000,20000,0.958218,0.314463,0.643756,0.377114
arm5_combab_alignT,leg_40k,40000,teacher_h,vs_initial,0,40000,1.017063,0.479973,0.537090,0.088544
arm5_combab_alignT,leg_100k,60000,student_h,adjacent,40000,20000,1.002012,0.383022,0.618990,0.356573
arm5_combab_alignT,leg_100k,60000,teacher_h,adjacent,40000,20000,1.011894,0.378585,0.633310,0.355025
arm5_combab_alignT,leg_100k,80000,student_h,adjacent,60000,20000,0.961597,0.407941,0.553656,0.267723
arm5_combab_alignT,leg_100k,80000,student_h,vs_initial,40000,40000,1.061022,0.377033,0.683989,0.252226
arm5_combab_alignT,leg_100k,80000,teacher_h,adjacent,60000,20000,0.940363,0.407097,0.533266,0.254599
arm5_combab_alignT,leg_100k,80000,teacher_h,vs_initial,40000,40000,1.070636,0.363211,0.707425,0.263719
arm5_combab_alignT,leg_100k,100000,student_h,adjacent,80000,20000,0.915364,0.372931,0.542433,0.269550
arm5_combab_alignT,leg_100k,100000,student_h,vs_initial,40000,60000,1.048407,0.387996,0.660411,0.314515
arm5_combab_alignT,leg_100k,100000,teacher_h,adjacent,80000,20000,0.908114,0.351794,0.556320,0.320480
arm5_combab_alignT,leg_100k,100000,teacher_h,vs_initial,40000,60000,1.051705,0.396613,0.655093,0.269869
arm5_combab_alignT,leg_200k,120000,student_h,adjacent,100000,20000,0.167716,0.097623,0.070092,0.825296
arm5_combab_alignT,leg_200k,120000,teacher_h,adjacent,100000,20000,0.000622,0.000478,0.000144,0.999056
arm5_combab_alignT,leg_200k,140000,student_h,adjacent,120000,20000,0.184395,0.097057,0.087338,0.847680
arm5_combab_alignT,leg_200k,140000,student_h,vs_initial,100000,40000,0.267173,0.122482,0.144691,0.800820
arm5_combab_alignT,leg_200k,140000,teacher_h,adjacent,120000,20000,0.000457,0.000391,0.000067,0.999511
arm5_combab_alignT,leg_200k,140000,teacher_h,vs_initial,100000,40000,0.000528,0.000404,0.000123,0.999395
arm5_combab_alignT,leg_200k,160000,student_h,adjacent,140000,20000,0.194580,0.102973,0.091608,0.820349
arm5_combab_alignT,leg_200k,160000,student_h,vs_initial,100000,60000,0.334232,0.140996,0.193236,0.769257
arm5_combab_alignT,leg_200k,160000,teacher_h,adjacent,140000,20000,0.000166,0.000131,0.000035,0.999814
arm5_combab_alignT,leg_200k,160000,teacher_h,vs_initial,100000,60000,0.000678,0.000571,0.000107,0.999161
arm5_combab_alignT,leg_200k,180000,student_h,adjacent,160000,20000,0.173048,0.088938,0.084110,0.865647
arm5_combab_alignT,leg_200k,180000,student_h,vs_initial,100000,80000,0.415998,0.169665,0.246333,0.704969
arm5_combab_alignT,leg_200k,180000,teacher_h,adjacent,160000,20000,0.001109,0.000971,0.000138,0.998474
arm5_combab_alignT,leg_200k,180000,teacher_h,vs_initial,100000,80000,0.000631,0.000483,0.000147,0.998774
arm5_combab_alignT,leg_200k,200000,student_h,adjacent,180000,20000,0.200257,0.098704,0.101553,0.827323
arm5_combab_alignT,leg_200k,200000,student_h,vs_initial,100000,100000,0.541116,0.232450,0.308666,0.499770
arm5_combab_alignT,leg_200k,200000,teacher_h,adjacent,180000,20000,0.000086,0.000068,0.000018,0.999885
arm5_combab_alignT,leg_200k,200000,teacher_h,vs_initial,100000,100000,0.000829,0.000668,0.000161,0.998335
arm6_v2_combab_alignS,leg_40k,20000,student_h,adjacent,0,20000,0.861285,0.339508,0.521777,0.356382
arm6_v2_combab_alignS,leg_40k,20000,teacher_h,adjacent,0,20000,0.855698,0.348384,0.507313,0.352955
arm6_v2_combab_alignS,leg_40k,40000,student_h,adjacent,20000,20000,0.624638,0.191928,0.432710,0.483576
arm6_v2_combab_alignS,leg_40k,40000,student_h,vs_initial,0,40000,1.044532,0.389278,0.655253,0.283260
arm6_v2_combab_alignS,leg_40k,40000,teacher_h,adjacent,20000,20000,0.619168,0.195706,0.423462,0.482271
arm6_v2_combab_alignS,leg_40k,40000,teacher_h,vs_initial,0,40000,1.033795,0.391951,0.641843,0.282029
arm6_v2_combab_alignS,leg_100k,60000,student_h,adjacent,40000,20000,0.452876,0.089548,0.363328,0.805539
arm6_v2_combab_alignS,leg_100k,60000,teacher_h,adjacent,40000,20000,0.454282,0.088905,0.365377,0.809530
arm6_v2_combab_alignS,leg_100k,80000,student_h,adjacent,60000,20000,0.342396,0.107897,0.234499,0.759608
arm6_v2_combab_alignS,leg_100k,80000,student_h,vs_initial,40000,40000,0.649481,0.129551,0.519930,0.764003
arm6_v2_combab_alignS,leg_100k,80000,teacher_h,adjacent,60000,20000,0.329401,0.098135,0.231266,0.781237
arm6_v2_combab_alignS,leg_100k,80000,teacher_h,vs_initial,40000,40000,0.627348,0.122616,0.504732,0.771537
arm6_v2_combab_alignS,leg_100k,100000,student_h,adjacent,80000,20000,0.265305,0.076511,0.188794,0.831481
arm6_v2_combab_alignS,leg_100k,100000,student_h,vs_initial,40000,60000,0.745713,0.155087,0.590626,0.681107
arm6_v2_combab_alignS,leg_100k,100000,teacher_h,adjacent,80000,20000,0.238376,0.055497,0.182880,0.871962
arm6_v2_combab_alignS,leg_100k,100000,teacher_h,vs_initial,40000,60000,0.726487,0.149688,0.576800,0.693170
arm6_v2_combab_alignT,leg_40k,20000,student_h,adjacent,0,20000,0.844056,0.447290,0.396766,0.374789
arm6_v2_combab_alignT,leg_40k,20000,teacher_h,adjacent,0,20000,0.841741,0.440108,0.401634,0.375086
arm6_v2_combab_alignT,leg_40k,40000,student_h,adjacent,20000,20000,0.593478,0.402400,0.191078,0.357874
arm6_v2_combab_alignT,leg_40k,40000,student_h,vs_initial,0,40000,0.930812,0.526381,0.404431,0.246127
arm6_v2_combab_alignT,leg_40k,40000,teacher_h,adjacent,20000,20000,0.594957,0.400633,0.194324,0.364986
arm6_v2_combab_alignT,leg_40k,40000,teacher_h,vs_initial,0,40000,0.931759,0.525132,0.406627,0.251892
arm6_v2_combab_alignT,leg_100k,60000,student_h,adjacent,40000,20000,0.543380,0.338881,0.204499,0.447680
arm6_v2_combab_alignT,leg_100k,60000,teacher_h,adjacent,40000,20000,0.546985,0.331647,0.215338,0.456968
arm6_v2_combab_alignT,leg_100k,80000,student_h,adjacent,60000,20000,0.417489,0.271032,0.146457,0.430745
arm6_v2_combab_alignT,leg_100k,80000,student_h,vs_initial,40000,40000,0.662034,0.415327,0.246707,0.258696
arm6_v2_combab_alignT,leg_100k,80000,teacher_h,adjacent,60000,20000,0.424515,0.273906,0.150609,0.442442
arm6_v2_combab_alignT,leg_100k,80000,teacher_h,vs_initial,40000,40000,0.670955,0.406076,0.264880,0.279385
arm6_v2_combab_alignT,leg_100k,100000,student_h,adjacent,80000,20000,0.403856,0.250851,0.153005,0.402275
arm6_v2_combab_alignT,leg_100k,100000,student_h,vs_initial,40000,60000,0.626402,0.352393,0.274009,0.440423
arm6_v2_combab_alignT,leg_100k,100000,teacher_h,adjacent,80000,20000,0.409165,0.260579,0.148585,0.406302
arm6_v2_combab_alignT,leg_100k,100000,teacher_h,vs_initial,40000,60000,0.621648,0.351715,0.269933,0.446155
arm6_v2_ncpc_alignS,leg_40k,20000,student_h,adjacent,0,20000,0.900785,0.659693,0.241091,0.250690
arm6_v2_ncpc_alignS,leg_40k,20000,teacher_h,adjacent,0,20000,0.901827,0.659892,0.241935,0.251635
arm6_v2_ncpc_alignS,leg_40k,40000,student_h,adjacent,20000,20000,0.620584,0.524681,0.095902,0.386651
arm6_v2_ncpc_alignS,leg_40k,40000,student_h,vs_initial,0,40000,0.949263,0.725988,0.223275,0.172909
arm6_v2_ncpc_alignS,leg_40k,40000,teacher_h,adjacent,20000,20000,0.618930,0.521786,0.097144,0.388369
arm6_v2_ncpc_alignS,leg_40k,40000,teacher_h,vs_initial,0,40000,0.943736,0.734825,0.208911,0.173102
arm6_v2_ncpc_alignS,leg_100k,60000,student_h,adjacent,40000,20000,0.616371,0.517292,0.099079,0.349273
arm6_v2_ncpc_alignS,leg_100k,60000,teacher_h,adjacent,40000,20000,0.612576,0.513108,0.099467,0.352138
arm6_v2_ncpc_alignS,leg_100k,80000,student_h,adjacent,60000,20000,0.535204,0.430276,0.104928,0.439653
arm6_v2_ncpc_alignS,leg_100k,80000,student_h,vs_initial,40000,40000,0.749654,0.604930,0.144724,0.286467
arm6_v2_ncpc_alignS,leg_100k,80000,teacher_h,adjacent,60000,20000,0.529750,0.425196,0.104554,0.445324
arm6_v2_ncpc_alignS,leg_100k,80000,teacher_h,vs_initial,40000,40000,0.748848,0.603146,0.145702,0.286933
arm6_v2_ncpc_alignS,leg_100k,100000,student_h,adjacent,80000,20000,0.265326,0.204500,0.060826,0.703881
arm6_v2_ncpc_alignS,leg_100k,100000,student_h,vs_initial,40000,60000,0.786575,0.636619,0.149956,0.251789
arm6_v2_ncpc_alignS,leg_100k,100000,teacher_h,adjacent,80000,20000,0.260269,0.200395,0.059874,0.711224
arm6_v2_ncpc_alignS,leg_100k,100000,teacher_h,vs_initial,40000,60000,0.785372,0.636093,0.149279,0.251225
arm6_v2_ncpc_alignT,leg_40k,20000,student_h,adjacent,0,20000,0.913667,0.683103,0.230564,0.236129
arm6_v2_ncpc_alignT,leg_40k,20000,teacher_h,adjacent,0,20000,0.914422,0.678644,0.235778,0.236578
arm6_v2_ncpc_alignT,leg_40k,40000,student_h,adjacent,20000,20000,0.622325,0.485166,0.137159,0.384741
arm6_v2_ncpc_alignT,leg_40k,40000,student_h,vs_initial,0,40000,0.956940,0.736153,0.220787,0.168033
arm6_v2_ncpc_alignT,leg_40k,40000,teacher_h,adjacent,20000,20000,0.622006,0.483834,0.138172,0.385502
arm6_v2_ncpc_alignT,leg_40k,40000,teacher_h,vs_initial,0,40000,0.958908,0.735232,0.223675,0.168135
arm6_v2_ncpc_alignT,leg_100k,60000,student_h,adjacent,40000,20000,0.487521,0.399937,0.087584,0.423321
arm6_v2_ncpc_alignT,leg_100k,60000,teacher_h,adjacent,40000,20000,0.487131,0.401085,0.086047,0.421138
arm6_v2_ncpc_alignT,leg_100k,80000,student_h,adjacent,60000,20000,0.456030,0.371248,0.084782,0.450913
arm6_v2_ncpc_alignT,leg_100k,80000,student_h,vs_initial,40000,40000,0.674059,0.539323,0.134736,0.286829
arm6_v2_ncpc_alignT,leg_100k,80000,teacher_h,adjacent,60000,20000,0.457747,0.372521,0.085226,0.450004
arm6_v2_ncpc_alignT,leg_100k,80000,teacher_h,vs_initial,40000,40000,0.674821,0.540636,0.134185,0.286863
arm6_v2_ncpc_alignT,leg_100k,100000,student_h,adjacent,80000,20000,0.161395,0.124980,0.036415,0.802768
arm6_v2_ncpc_alignT,leg_100k,100000,student_h,vs_initial,40000,60000,0.713286,0.579945,0.133341,0.244590
arm6_v2_ncpc_alignT,leg_100k,100000,teacher_h,adjacent,80000,20000,0.161039,0.125425,0.035614,0.803231
arm6_v2_ncpc_alignT,leg_100k,100000,teacher_h,vs_initial,40000,60000,0.712370,0.579377,0.132993,0.244292
arm6_v2_nse_alignS,leg_40k,20000,student_h,adjacent,0,20000,0.962705,0.701229,0.261476,0.175370
arm6_v2_nse_alignS,leg_40k,20000,teacher_h,adjacent,0,20000,0.962310,0.704231,0.258079,0.175332
arm6_v2_nse_alignS,leg_40k,40000,student_h,adjacent,20000,20000,0.681969,0.463651,0.218318,0.403406
arm6_v2_nse_alignS,leg_40k,40000,student_h,vs_initial,0,40000,0.983422,0.714307,0.269115,0.174516
arm6_v2_nse_alignS,leg_40k,40000,teacher_h,adjacent,20000,20000,0.677309,0.466034,0.211275,0.401947
arm6_v2_nse_alignS,leg_40k,40000,teacher_h,vs_initial,0,40000,0.987259,0.721244,0.266015,0.174265
arm6_v2_nse_alignS,leg_100k,60000,student_h,adjacent,40000,20000,0.545045,0.374987,0.170058,0.491580
arm6_v2_nse_alignS,leg_100k,60000,teacher_h,adjacent,40000,20000,0.548887,0.381784,0.167102,0.487086
arm6_v2_nse_alignS,leg_100k,80000,student_h,adjacent,60000,20000,0.426265,0.275730,0.150536,0.614067
arm6_v2_nse_alignS,leg_100k,80000,student_h,vs_initial,40000,40000,0.688267,0.487865,0.200402,0.395817
arm6_v2_nse_alignS,leg_100k,80000,teacher_h,adjacent,60000,20000,0.420717,0.269678,0.151039,0.623021
arm6_v2_nse_alignS,leg_100k,80000,teacher_h,vs_initial,40000,40000,0.685985,0.483355,0.202630,0.401044
arm6_v2_nse_alignS,leg_100k,100000,student_h,adjacent,80000,20000,0.164891,0.118242,0.046649,0.820032
arm6_v2_nse_alignS,leg_100k,100000,student_h,vs_initial,40000,60000,0.719941,0.516443,0.203497,0.378878
arm6_v2_nse_alignS,leg_100k,100000,teacher_h,adjacent,80000,20000,0.156786,0.112798,0.043988,0.828101
arm6_v2_nse_alignS,leg_100k,100000,teacher_h,vs_initial,40000,60000,0.718410,0.518718,0.199693,0.379278
arm6_v2_nse_alignT,leg_40k,20000,student_h,adjacent,0,20000,0.932674,0.703709,0.228964,0.176855
arm6_v2_nse_alignT,leg_40k,20000,teacher_h,adjacent,0,20000,0.933911,0.704966,0.228945,0.175296
arm6_v2_nse_alignT,leg_40k,40000,student_h,adjacent,20000,20000,0.767256,0.532526,0.234731,0.345435
arm6_v2_nse_alignT,leg_40k,40000,student_h,vs_initial,0,40000,0.989829,0.739601,0.250228,0.146540
arm6_v2_nse_alignT,leg_40k,40000,teacher_h,adjacent,20000,20000,0.768228,0.531302,0.236926,0.344894
arm6_v2_nse_alignT,leg_40k,40000,teacher_h,vs_initial,0,40000,0.990625,0.743796,0.246829,0.146295
arm6_v2_nse_alignT,leg_100k,60000,student_h,adjacent,40000,20000,0.575819,0.392585,0.183234,0.462734
arm6_v2_nse_alignT,leg_100k,60000,teacher_h,adjacent,40000,20000,0.575613,0.393125,0.182488,0.462512
arm6_v2_nse_alignT,leg_100k,80000,student_h,adjacent,60000,20000,0.340043,0.245830,0.094213,0.639714
arm6_v2_nse_alignT,leg_100k,80000,student_h,vs_initial,40000,40000,0.693264,0.496401,0.196862,0.368227
arm6_v2_nse_alignT,leg_100k,80000,teacher_h,adjacent,60000,20000,0.338925,0.245058,0.093867,0.642344
arm6_v2_nse_alignT,leg_100k,80000,teacher_h,vs_initial,40000,40000,0.691893,0.497072,0.194822,0.367404
arm6_v2_nse_alignT,leg_100k,100000,student_h,adjacent,80000,20000,0.175802,0.128191,0.047611,0.810787
arm6_v2_nse_alignT,leg_100k,100000,student_h,vs_initial,40000,60000,0.750596,0.524767,0.225829,0.338297
arm6_v2_nse_alignT,leg_100k,100000,teacher_h,adjacent,80000,20000,0.171850,0.127162,0.044689,0.814266
arm6_v2_nse_alignT,leg_100k,100000,teacher_h,vs_initial,40000,60000,0.748327,0.524643,0.223684,0.340670
arm6_v2_nse_alignT,leg_200k,120000,student_h,adjacent,100000,20000,0.022933,0.021820,0.001113,0.961846
arm6_v2_nse_alignT,leg_200k,120000,teacher_h,adjacent,100000,20000,0.018896,0.018594,0.000302,0.969197
arm6_v2_nse_alignT,leg_200k,140000,student_h,adjacent,120000,20000,0.008309,0.007101,0.001207,0.987130
arm6_v2_nse_alignT,leg_200k,140000,student_h,vs_initial,100000,40000,0.021913,0.020688,0.001225,0.964617
arm6_v2_nse_alignT,leg_200k,140000,teacher_h,adjacent,120000,20000,0.000078,0.000073,0.000005,0.999868
arm6_v2_nse_alignT,leg_200k,140000,teacher_h,vs_initial,100000,40000,0.017688,0.017396,0.000292,0.971156
arm6_v2_nse_alignT,leg_200k,160000,student_h,adjacent,140000,20000,0.008136,0.007087,0.001049,0.987870
arm6_v2_nse_alignT,leg_200k,160000,student_h,vs_initial,100000,60000,0.022864,0.021706,0.001158,0.963286
arm6_v2_nse_alignT,leg_200k,160000,teacher_h,adjacent,140000,20000,0.000195,0.000189,0.000006,0.999677
arm6_v2_nse_alignT,leg_200k,160000,teacher_h,vs_initial,100000,60000,0.015783,0.015497,0.000286,0.974220
arm6_v2_nse_alignT,leg_200k,180000,student_h,adjacent,160000,20000,0.012724,0.011681,0.001043,0.979939
arm6_v2_nse_alignT,leg_200k,180000,student_h,vs_initial,100000,80000,0.036893,0.035490,0.001402,0.940512
arm6_v2_nse_alignT,leg_200k,180000,teacher_h,adjacent,160000,20000,0.007331,0.007257,0.000074,0.987779
arm6_v2_nse_alignT,leg_200k,180000,teacher_h,vs_initial,100000,80000,0.031433,0.030988,0.000445,0.949123
arm6_v2_nse_alignT,leg_200k,200000,student_h,adjacent,180000,20000,0.011171,0.010193,0.000978,0.982384
arm6_v2_nse_alignT,leg_200k,200000,student_h,vs_initial,100000,100000,0.026765,0.025559,0.001206,0.955990
arm6_v2_nse_alignT,leg_200k,200000,teacher_h,adjacent,180000,20000,0.004767,0.004712,0.000055,0.992072
arm6_v2_nse_alignT,leg_200k,200000,teacher_h,vs_initial,100000,100000,0.020175,0.019815,0.000360,0.967328
