step,layer_idx,block,qk_logit_maxabs,sa_in_maxabs,sa_out_maxabs,resid_post_sa_maxabs,resid_post_ffn_maxabs
25200,0,enc,5.56029748916626,0.8862040042877197,1.6259765625,0.8098822832107544,0.9268646240234375
25200,1,enc,6.253153324127197,1.0732566118240356,0.61669921875,1.2398172616958618,1.2902390956878662
25200,2,enc,19.93113899230957,1.1034129858016968,0.93701171875,1.3915337324142456,1.3801708221435547
25200,0,fcst,8.44958782196045,0.8939651250839233,0.9130859375,6.4855756759643555,7.6538190841674805
25200,1,fcst,7.7169036865234375,0.5517507791519165,0.282958984375,8.111452102661133,8.703242301940918
25200,2,fcst,3.315455913543701,1.0441726446151733,0.83544921875,8.831633567810059,9.688820838928223
25200,0,enc,5.5645432472229,0.8901978135108948,1.248046875,0.8319923877716064,0.877291202545166
25200,1,enc,6.000870227813721,1.0944608449935913,0.48095703125,1.3079562187194824,1.1340863704681396
25200,2,enc,19.941396713256836,0.9472893476486206,0.79345703125,1.1419557332992554,1.1770204305648804
25400,0,enc,5.70724630355835,0.8603366017341614,1.6240234375,0.8992984294891357,0.9217119216918945
25400,1,enc,6.131373882293701,1.041664481163025,0.51220703125,1.1314570903778076,1.235198974609375
25400,2,enc,19.869672775268555,0.9415886998176575,0.86181640625,1.3784843683242798,1.3303728103637695
25400,0,fcst,8.409664154052734,0.8601923584938049,0.82080078125,6.135589599609375,8.573092460632324
25400,1,fcst,7.625489711761475,0.5118507742881775,0.289306640625,9.208614349365234,9.793466567993164
25400,2,fcst,3.367790460586548,1.1107804775238037,0.9609375,9.79415512084961,10.188035011291504
25400,0,enc,5.8074564933776855,0.8612269163131714,1.345703125,0.8761060237884521,1.0045859813690186
25400,1,enc,6.2536115646362305,1.0431748628616333,0.433349609375,1.0740268230438232,1.042641282081604
25400,2,enc,19.880876541137695,0.9543856978416443,0.8037109375,1.1362838745117188,1.2485885620117188
25600,0,enc,6.362268924713135,0.84490966796875,1.8251953125,1.1445707082748413,1.1735624074935913
25600,1,enc,6.373243808746338,1.007133960723877,0.50537109375,1.3227496147155762,1.2648671865463257
25600,2,enc,19.749792098999023,1.073481798171997,1.0341796875,1.4489319324493408,1.441344976425171
25600,0,fcst,8.32215690612793,0.9161434769630432,0.94482421875,6.281675338745117,9.040677070617676
25600,1,fcst,7.598524570465088,0.6346049308776855,0.32421875,9.681225776672363,10.415818214416504
25600,2,fcst,3.34867525100708,1.0806341171264648,0.85302734375,10.454147338867188,11.154017448425293
25600,0,enc,6.310446739196777,0.8465596437454224,1.4794921875,1.1382935047149658,1.1654846668243408
25600,1,enc,6.348202705383301,0.9955504536628723,0.43310546875,1.3535356521606445,1.22806715965271
25600,2,enc,19.73969078063965,1.1061961650848389,0.8505859375,1.1871870756149292,1.2258089780807495
25800,0,enc,5.850064277648926,0.831687867641449,1.8623046875,1.1940491199493408,1.2003264427185059
25800,1,enc,6.53129243850708,0.9536798596382141,0.4296875,1.234429121017456,1.31399667263031
25800,2,enc,19.886259078979492,0.9681277871131897,0.79248046875,1.306571125984192,1.3470807075500488
25800,0,fcst,8.27295970916748,0.9053246974945068,0.8291015625,6.2418413162231445,7.883818626403809
25800,1,fcst,7.6962151527404785,0.6023634672164917,0.279541015625,8.487579345703125,9.09646224975586
25800,2,fcst,3.3709182739257812,0.9636761546134949,1.0478515625,9.09646224975586,9.607529640197754
25800,0,enc,5.863710403442383,0.8346792459487915,1.4404296875,1.1739898920059204,1.195306420326233
25800,1,enc,6.53308629989624,0.9561365246772766,0.379150390625,1.223781704902649,1.2225784063339233
25800,2,enc,19.86369514465332,1.2338236570358276,0.8486328125,1.2874743938446045,1.3384997844696045
26000,0,enc,5.87364387512207,0.783620297908783,1.78125,0.8816178441047668,1.023897647857666
26000,1,enc,6.033421516418457,0.9890711903572083,0.43798828125,1.1847089529037476,1.189754843711853
26000,2,enc,19.825468063354492,0.988187313079834,0.8349609375,1.3518667221069336,1.3171570301055908
26000,0,fcst,8.253390312194824,0.999511182308197,0.91552734375,6.177957057952881,8.414888381958008
26000,1,fcst,7.655154705047607,0.6928832530975342,0.334716796875,9.65979290008545,10.36997127532959
26000,2,fcst,3.4654014110565186,0.9283767938613892,0.84033203125,10.376693725585938,10.885048866271973
26000,0,enc,5.825055122375488,0.784870445728302,1.46484375,0.878646969795227,1.000900387763977
26000,1,enc,5.992295742034912,1.024792194366455,0.373291015625,1.1188942193984985,1.1577378511428833
26000,2,enc,19.853796005249023,0.9226438403129578,0.857421875,1.1437379121780396,1.1508797407150269
26200,0,enc,6.168908596038818,0.7633007168769836,1.8876953125,0.84544438123703,0.9011220335960388
26200,1,enc,6.285776138305664,1.0794812440872192,0.46826171875,1.27554190158844,1.2068668603897095
26200,2,enc,19.697147369384766,0.9922619462013245,0.8662109375,1.2982323169708252,1.2962377071380615
26200,0,fcst,8.24538516998291,0.9793043732643127,0.93896484375,6.018326282501221,7.601876258850098
26200,1,fcst,7.73563289642334,0.6395989060401917,0.294189453125,9.15017318725586,9.534287452697754
26200,2,fcst,3.34098744392395,0.929900586605072,0.84326171875,9.536693572998047,9.951732635498047
26200,0,enc,6.173153877258301,0.7671039700508118,1.443359375,0.8672481775283813,0.8981167078018188
26200,1,enc,6.102198123931885,1.0704315900802612,0.405029296875,1.1774306297302246,1.076277732849121
26200,2,enc,19.695627212524414,0.9803695678710938,0.736328125,1.1726340055465698,1.1362593173980713
26400,0,enc,6.276919841766357,0.7292772531509399,1.658203125,0.9662679433822632,0.9834256172180176
26400,1,enc,6.104304790496826,1.0358607769012451,0.485107421875,1.3673251867294312,1.1431045532226562
26400,2,enc,19.66020393371582,0.9238210916519165,0.837890625,1.4417935609817505,1.283148169517517
26400,0,fcst,8.160910606384277,0.9388220310211182,0.88916015625,6.3400115966796875,8.506591796875
26400,1,fcst,7.809123516082764,0.6776462197303772,0.26123046875,9.207551956176758,9.992599487304688
26400,2,fcst,3.301013946533203,0.9185355305671692,0.8037109375,9.96606731414795,10.41501522064209
26400,0,enc,6.261134624481201,0.7318096160888672,1.4228515625,0.9796673655509949,0.9954907298088074
26400,1,enc,6.143218517303467,1.0435905456542969,0.421142578125,1.2821768522262573,1.0200176239013672
26400,2,enc,19.691879272460938,0.9143521189689636,0.79150390625,1.184268593788147,1.173343300819397
26600,0,enc,6.211814880371094,0.7010741233825684,1.6044921875,1.223484754562378,1.2380315065383911
26600,1,enc,6.054491996765137,1.0269917249679565,0.496826171875,1.3105762004852295,1.2712674140930176
26600,2,enc,19.770063400268555,0.9497096538543701,0.8466796875,1.4506398439407349,1.4991966485977173
26600,0,fcst,8.246383666992188,0.9549627900123596,0.783203125,6.1573100090026855,8.364168167114258
26600,1,fcst,7.607466697692871,0.7286255955696106,0.277099609375,8.877740859985352,9.407625198364258
26600,2,fcst,3.4798269271850586,0.8917127847671509,0.90380859375,9.300198554992676,9.894457817077637
26600,0,enc,6.274898052215576,0.7046771049499512,1.255859375,1.2467079162597656,1.2595100402832031
26600,1,enc,6.006759166717529,1.050037145614624,0.411376953125,1.3060035705566406,1.2947618961334229
26600,2,enc,19.802928924560547,0.9196801781654358,0.79638671875,1.2681423425674438,1.3131252527236938
26800,0,enc,6.16536283493042,0.7218754887580872,1.5849609375,0.8474820852279663,0.9226909875869751
26800,1,enc,5.9662394523620605,0.9741088151931763,0.437744140625,1.091691255569458,1.5009970664978027
26800,2,enc,19.629610061645508,0.9325554966926575,0.8642578125,1.5009970664978027,1.4591541290283203
26800,0,fcst,8.123818397521973,0.9686774015426636,0.7333984375,6.202670574188232,7.897336006164551
26800,1,fcst,7.539062976837158,0.7052342891693115,0.3359375,8.5426607131958,8.8380708694458
26800,2,fcst,3.484265089035034,0.8990485668182373,0.9072265625,8.749945640563965,9.324881553649902
26800,0,enc,6.172806262969971,0.727033793926239,1.330078125,0.8246191143989563,0.879831075668335
26800,1,enc,6.209579944610596,0.9894160628318787,0.379638671875,1.1385157108306885,0.974432647228241
26800,2,enc,19.676435470581055,0.9388629198074341,0.78369140625,1.1373324394226074,1.2088046073913574
27000,0,enc,6.253852367401123,0.729661762714386,1.5419921875,0.9395391345024109,0.946570873260498
27000,1,enc,6.336756229400635,1.0489882230758667,0.44580078125,1.1858612298965454,1.262521505355835
27000,2,enc,19.530752182006836,0.9203310012817383,0.8544921875,1.332879662513733,1.2207443714141846
27000,0,fcst,8.314945220947266,0.9105019569396973,0.79443359375,6.155099391937256,7.504168510437012
27000,1,fcst,7.522486686706543,0.6683892011642456,0.260009765625,9.516345977783203,10.122357368469238
27000,2,fcst,3.466366767883301,0.8334733843803406,0.81103515625,10.120361328125,10.395426750183105
27000,0,enc,6.263300895690918,0.7318586111068726,1.1865234375,0.9537858963012695,0.9618501663208008
27000,1,enc,6.3171772956848145,1.0377192497253418,0.39892578125,1.131071925163269,1.0482869148254395
27000,2,enc,19.517160415649414,0.916477382183075,0.75146484375,1.0547839403152466,1.0905200242996216
27200,0,enc,6.438107013702393,0.7281983494758606,1.712890625,1.0474940538406372,1.055704116821289
27200,1,enc,6.518531799316406,0.9837154150009155,0.4765625,1.1900339126586914,1.1549263000488281
27200,2,enc,19.61112403869629,0.9483194351196289,0.96044921875,1.3000439405441284,1.3130016326904297
27200,0,fcst,8.18470573425293,0.9906091690063477,0.787109375,6.370472431182861,8.011861801147461
27200,1,fcst,7.525877952575684,0.6820620894432068,0.326904296875,8.241349220275879,8.990047454833984
27200,2,fcst,3.44704270362854,0.8441354036331177,0.91796875,8.987879753112793,9.300122261047363
27200,0,enc,6.419575214385986,0.7295568585395813,1.1552734375,1.0317531824111938,1.0478054285049438
27200,1,enc,6.0337324142456055,0.9710797071456909,0.44384765625,1.1406960487365723,1.100745677947998
27200,2,enc,19.603200912475586,0.9189692139625549,0.78466796875,1.17803955078125,1.2565997838974
27400,0,enc,6.535324573516846,0.6439408659934998,1.4130859375,0.9173581600189209,0.9487912654876709
27400,1,enc,6.821054458618164,1.0078855752944946,0.469482421875,1.1963224411010742,1.3358871936798096
27400,2,enc,19.55930519104004,1.0023435354232788,0.80419921875,1.3358871936798096,1.3358871936798096
27400,0,fcst,8.27204704284668,0.8813269138336182,0.8466796875,6.333564281463623,7.819411754608154
27400,1,fcst,7.491689682006836,0.5974197387695312,0.2286376953125,8.64477252960205,9.012068748474121
27400,2,fcst,3.6805293560028076,0.9110326170921326,0.8798828125,9.106221199035645,9.876620292663574
27400,0,enc,6.379955291748047,0.6437568068504333,1.0146484375,0.9137134552001953,0.9464282989501953
27400,1,enc,6.9470109939575195,0.9787195324897766,0.4228515625,1.076890230178833,1.0202583074569702
27400,2,enc,19.5974063873291,0.9350564479827881,0.7734375,1.0583683252334595,1.1151283979415894
27600,0,enc,6.535552978515625,0.6590381860733032,1.298828125,1.035548210144043,1.035548210144043
27600,1,enc,6.5408501625061035,0.9830549955368042,0.45849609375,1.4077768325805664,1.2568172216415405
27600,2,enc,19.52354621887207,0.8379768133163452,0.84228515625,1.410583257675171,1.3108333349227905
27600,0,fcst,8.321333885192871,0.9645275473594666,0.84912109375,6.239902019500732,7.490407466888428
27600,1,fcst,7.669748306274414,0.8103466033935547,0.25146484375,9.062969207763672,10.020543098449707
27600,2,fcst,3.366055727005005,0.8827083110809326,0.93603515625,10.050485610961914,10.370580673217773
27600,0,enc,6.492134094238281,0.6635801196098328,0.875,1.0323883295059204,1.0472122430801392
27600,1,enc,6.513379096984863,0.9852437376976013,0.413330078125,1.1632440090179443,1.0597378015518188
27600,2,enc,19.557737350463867,0.8701522946357727,0.77294921875,1.1957515478134155,1.2091411352157593
27800,0,enc,6.08876895904541,0.7638123631477356,1.22265625,0.935491144657135,0.9678736925125122
27800,1,enc,6.729942798614502,0.932474672794342,0.48828125,1.215408444404602,1.3022207021713257
27800,2,enc,19.707658767700195,0.9175180196762085,0.8974609375,1.5010591745376587,1.2335456609725952
27800,0,fcst,8.301230430603027,0.8789181709289551,0.81640625,6.147488117218018,7.249034881591797
27800,1,fcst,7.578420639038086,0.7941813468933105,0.252685546875,9.722392082214355,10.432027816772461
27800,2,fcst,3.5077409744262695,0.7820402383804321,0.783203125,10.42975902557373,10.80465030670166
27800,0,enc,6.359860897064209,0.7585363984107971,0.8359375,0.9238357543945312,0.9513015747070312
27800,1,enc,6.710478782653809,0.9427627325057983,0.42138671875,1.2086834907531738,1.1363601684570312
27800,2,enc,19.654232025146484,0.9217414259910583,0.81689453125,1.2071805000305176,1.2390408515930176
28000,0,enc,6.255058765411377,0.6605156064033508,1.0634765625,0.9138083457946777,0.9740998148918152
28000,1,enc,6.815412521362305,1.0257917642593384,0.432373046875,1.2605684995651245,1.2260661125183105
28000,2,enc,19.683486938476562,0.9263489842414856,0.830078125,1.3564434051513672,1.3583701848983765
28000,0,fcst,8.212989807128906,0.8501509428024292,0.78564453125,6.303727626800537,8.004900932312012
28000,1,fcst,7.343714714050293,0.7228164076805115,0.203125,9.731632232666016,10.424991607666016
28000,2,fcst,3.6019413471221924,0.9721755385398865,0.81640625,10.440946578979492,11.494030952453613
28000,0,enc,6.284527778625488,0.6600194573402405,0.8583984375,0.9098935127258301,0.9450497627258301
28000,1,enc,6.660638809204102,1.0220589637756348,0.416259765625,1.3194305896759033,0.9624990224838257
28000,2,enc,19.62794303894043,0.9096177816390991,0.76025390625,1.0826880931854248,1.1403745412826538
28200,0,enc,5.99043607711792,0.6651037931442261,1.029296875,0.8611865043640137,0.9233745336532593
28200,1,enc,6.8545331954956055,0.9033406972885132,0.497802734375,1.3715744018554688,1.207308053970337
28200,2,enc,19.525529861450195,0.9518033266067505,0.77880859375,1.4801335334777832,1.492212176322937
28200,0,fcst,8.257314682006836,0.8332861661911011,0.8232421875,6.062328338623047,7.497737884521484
28200,1,fcst,7.531606674194336,0.6817981004714966,0.2174072265625,8.375255584716797,8.868690490722656
28200,2,fcst,3.382138252258301,0.9080849289894104,0.91162109375,8.829244613647461,9.416810035705566
28200,0,enc,6.026454448699951,0.6705886125564575,0.70703125,0.8100059628486633,0.8621859550476074
28200,1,enc,7.019604682922363,0.9087350964546204,0.40625,1.2089523077011108,1.0820454359054565
28200,2,enc,19.54094696044922,0.9295075535774231,0.77001953125,1.168934941291809,1.240155577659607
28400,0,enc,5.95371675491333,0.652579128742218,0.98046875,0.8763192892074585,0.8904731869697571
28400,1,enc,7.090816497802734,1.0062938928604126,0.50927734375,1.3386296033859253,1.1821879148483276
28400,2,enc,19.500667572021484,0.8615481853485107,0.77880859375,1.3237857818603516,1.409359097480774
28400,0,fcst,8.268699645996094,0.8544062972068787,0.79248046875,6.425414562225342,7.8351922035217285
28400,1,fcst,7.524687767028809,0.7399161458015442,0.267822265625,9.30074691772461,9.113572120666504
28400,2,fcst,3.4858245849609375,0.8201575875282288,0.76123046875,9.106816291809082,9.688413619995117
28400,0,enc,5.9637579917907715,0.6479145288467407,0.72119140625,0.8599883913993835,0.904610276222229
28400,1,enc,7.041761875152588,1.0040680170059204,0.44384765625,1.2445718050003052,1.1424894332885742
28400,2,enc,19.528926849365234,0.8082533478736877,0.7353515625,1.1637077331542969,1.2076835632324219
28600,0,enc,5.978616237640381,0.6904058456420898,0.9814453125,0.9456726312637329,0.9875560998916626
28600,1,enc,7.05316162109375,0.8612255454063416,0.47509765625,1.4395241737365723,1.4057594537734985
28600,2,enc,19.295007705688477,0.9365974068641663,0.8642578125,1.456176996231079,1.5974068641662598
28600,0,fcst,8.289527893066406,0.9170307517051697,0.806640625,6.205958366394043,7.487839221954346
28600,1,fcst,7.444815158843994,0.7064841985702515,0.2227783203125,9.268328666687012,9.716462135314941
28600,2,fcst,3.525808811187744,0.7739859223365784,0.76611328125,9.715296745300293,10.241555213928223
28600,0,enc,6.025493621826172,0.6865425109863281,0.72705078125,0.9284837245941162,0.9748175740242004
28600,1,enc,6.879006862640381,0.8588699102401733,0.400390625,1.2577118873596191,1.072823405265808
28600,2,enc,19.322330474853516,0.8864262104034424,0.7666015625,1.3255255222320557,1.4028302431106567
28800,0,enc,5.911827564239502,0.6936138868331909,0.8134765625,0.963219940662384,0.9810557961463928
28800,1,enc,7.226621150970459,0.9512083530426025,0.45947265625,1.2888647317886353,1.3623303174972534
28800,2,enc,19.27875518798828,0.9197880625724792,0.84912109375,1.3233344554901123,1.4576478004455566
28800,0,fcst,8.459406852722168,0.8927994966506958,0.78369140625,6.762838840484619,8.555669784545898
28800,1,fcst,7.339700698852539,0.719007670879364,0.2154541015625,8.458318710327148,9.074095726013184
28800,2,fcst,3.4944980144500732,0.7789267897605896,0.802734375,9.046854019165039,9.515883445739746
28800,0,enc,5.921210765838623,0.694328784942627,0.6240234375,0.9572832584381104,0.9934011101722717
28800,1,enc,6.964556694030762,0.9425506591796875,0.4072265625,1.1625295877456665,1.160402774810791
28800,2,enc,19.272449493408203,0.8949221968650818,0.7783203125,1.197567343711853,1.2804572582244873
29000,0,enc,5.956428050994873,0.6993893980979919,0.7919921875,0.9707906246185303,0.980819046497345
29000,1,enc,7.261695384979248,0.9738460183143616,0.495849609375,1.3926953077316284,1.4752914905548096
29000,2,enc,19.18296241760254,0.8707797527313232,0.8017578125,1.4892919063568115,1.539103388786316
29000,0,fcst,8.322574615478516,0.8532982468605042,0.7734375,6.027347087860107,7.803257465362549
29000,1,fcst,7.346523284912109,0.6777863502502441,0.2442626953125,8.66495418548584,9.228941917419434
29000,2,fcst,3.4366796016693115,0.7106106281280518,0.81298828125,9.207256317138672,9.868063926696777
29000,0,enc,5.963297367095947,0.7031340003013611,0.67578125,0.9580242037773132,0.958685576915741
29000,1,enc,7.012510776519775,0.9510688781738281,0.427978515625,1.3320634365081787,1.0308611392974854
29000,2,enc,19.211204528808594,0.9141611456871033,0.724609375,1.226386547088623,1.348334789276123
29200,0,enc,5.806515693664551,0.7040724754333496,0.767578125,1.0571632385253906,1.085578441619873
29200,1,enc,7.2882561683654785,1.0695246458053589,0.486572265625,1.4093520641326904,1.1684927940368652
29200,2,enc,19.05518913269043,0.8877580165863037,0.7783203125,1.3416388034820557,1.2924002408981323
29200,0,fcst,8.268960952758789,0.8729501366615295,0.73486328125,6.334793567657471,7.412267684936523
29200,1,fcst,7.348143577575684,0.7111396789550781,0.22705078125,9.286535263061523,9.590083122253418
29200,2,fcst,3.4095184803009033,0.7262195348739624,0.65087890625,9.589232444763184,9.851819038391113
29200,0,enc,5.895193099975586,0.7039483785629272,0.625,1.0772308111190796,1.1005767583847046
29200,1,enc,7.310335159301758,1.04814875125885,0.422119140625,1.2045462131500244,1.1449503898620605
29200,2,enc,19.022180557250977,0.8394073843955994,0.728515625,1.2724101543426514,1.2715293169021606
29400,0,enc,5.784074306488037,0.7330002784729004,0.75732421875,0.8880313634872437,0.9168535470962524
29400,1,enc,7.378069877624512,0.9480684995651245,0.49072265625,1.1772794723510742,1.302717924118042
29400,2,enc,19.153696060180664,1.1562739610671997,0.83984375,1.4467891454696655,1.3541115522384644
29400,0,fcst,8.31502914428711,0.8841604590415955,0.7412109375,6.840532302856445,7.628274440765381
29400,1,fcst,7.297423362731934,0.702465295791626,0.31787109375,8.324398040771484,9.14416790008545
29400,2,fcst,3.600717782974243,0.8629196882247925,0.58740234375,9.115635871887207,9.487000465393066
29400,0,enc,5.820019721984863,0.7401499152183533,0.6083984375,0.8780049085617065,0.9091503620147705
29400,1,enc,7.471601486206055,0.9632300734519958,0.409912109375,1.2149947881698608,0.9880825877189636
29400,2,enc,19.13327980041504,0.8597836494445801,0.67578125,1.188032627105713,1.2418429851531982
29600,0,enc,5.570955276489258,0.6908242702484131,0.74951171875,0.9214945435523987,0.9552429914474487
29600,1,enc,7.327208518981934,0.9059969186782837,0.4423828125,1.2451670169830322,1.1626008749008179
29600,2,enc,19.231765747070312,0.8590393662452698,0.74267578125,1.5592615604400635,1.5592615604400635
29600,0,fcst,8.221875190734863,0.9760390520095825,0.74609375,6.459630966186523,7.009490013122559
29600,1,fcst,7.183546543121338,0.7298272848129272,0.260986328125,8.507214546203613,8.916112899780273
29600,2,fcst,3.525036573410034,0.6964329481124878,0.59814453125,8.944819450378418,9.241043090820312
29600,0,enc,5.593198776245117,0.6916964650154114,0.60498046875,0.9285613894462585,0.9450182318687439
29600,1,enc,7.354414463043213,0.9334105849266052,0.390625,1.1495416164398193,1.031205654144287
29600,2,enc,19.248180389404297,0.8456209897994995,0.7314453125,1.1754556894302368,1.2785882949829102
29800,0,enc,5.574748516082764,0.6784292459487915,0.73828125,0.9419766068458557,0.9853848218917847
29800,1,enc,7.2248687744140625,0.8734397888183594,0.43359375,1.1953612565994263,1.278395175933838
29800,2,enc,19.027658462524414,0.9897480607032776,0.82275390625,1.551730751991272,1.5041911602020264
29800,0,fcst,8.085174560546875,0.8668110966682434,0.76806640625,6.2897772789001465,7.184982776641846
29800,1,fcst,7.072277545928955,0.6997411251068115,0.251708984375,8.041748046875,8.603814125061035
29800,2,fcst,3.5427405834198,0.7198621034622192,0.59619140625,8.508535385131836,9.312028884887695
29800,0,enc,5.623911380767822,0.6778093576431274,0.64794921875,0.939633309841156,0.9591332674026489
29800,1,enc,7.253742694854736,0.8911867141723633,0.377197265625,1.1262319087982178,1.0871646404266357
29800,2,enc,19.00458335876465,1.0710563659667969,0.798828125,1.3348795175552368,1.3846842050552368
30000,0,enc,5.486539363861084,0.6927468776702881,0.6943359375,0.9243823289871216,0.9844741225242615
30000,1,enc,7.112724781036377,0.8705062866210938,0.408203125,1.2961320877075195,1.3051406145095825
30000,2,enc,19.133258819580078,0.8120205402374268,0.8134765625,1.446138858795166,1.5631811618804932
30000,0,fcst,7.969509124755859,1.0029023885726929,0.7060546875,6.186010837554932,8.140358924865723
30000,1,fcst,6.985943794250488,0.7705060243606567,0.2095947265625,9.124322891235352,9.683675765991211
30000,2,fcst,3.5276243686676025,0.705265462398529,0.58984375,9.691197395324707,10.211759567260742
30000,0,enc,5.5469136238098145,0.6968639492988586,0.51708984375,0.9214302897453308,1.0318331718444824
30000,1,enc,6.882568836212158,0.8989742398262024,0.350830078125,1.314871072769165,1.0984537601470947
30000,2,enc,19.15996551513672,0.7983934283256531,0.7373046875,1.1941944360733032,1.2407642602920532
30200,0,enc,5.4974822998046875,0.7022184729576111,0.6533203125,0.9305213689804077,0.9304342865943909
30200,1,enc,7.513952732086182,0.8499630093574524,0.398681640625,1.4974250793457031,1.1566145420074463
30200,2,enc,19.02090072631836,0.8617880344390869,0.802734375,1.2773146629333496,1.3727329969406128
30200,0,fcst,7.872903823852539,1.0027776956558228,0.73828125,6.375259876251221,7.84036922454834
30200,1,fcst,6.927077770233154,0.7074196338653564,0.254638671875,8.697415351867676,9.487397193908691
30200,2,fcst,3.7201123237609863,0.7255482077598572,0.62841796875,9.4411039352417,9.904046058654785
30200,0,enc,5.534639835357666,0.7032826542854309,0.50634765625,0.9313494563102722,0.9313480257987976
30200,1,enc,7.357179164886475,0.8317008018493652,0.33544921875,1.0224242210388184,1.0794360637664795
30200,2,enc,19.055831909179688,0.8497291803359985,0.8330078125,1.126297950744629,1.2420674562454224
30400,0,enc,5.510736465454102,0.7245714068412781,0.6318359375,0.986312985420227,1.0023177862167358
30400,1,enc,7.145596027374268,0.8523672819137573,0.372802734375,1.269554615020752,1.2480876445770264
30400,2,enc,18.842206954956055,0.8675057888031006,0.775390625,1.4502427577972412,1.5069772005081177
30400,0,fcst,7.977635383605957,0.950711190700531,0.71533203125,6.272565841674805,7.718232154846191
30400,1,fcst,7.036762237548828,0.755626380443573,0.25439453125,8.487075805664062,9.149510383605957
30400,2,fcst,3.7502663135528564,0.75933837890625,0.61083984375,9.149510383605957,9.689061164855957
30400,0,enc,5.501503944396973,0.7204245328903198,0.47216796875,0.9153196215629578,0.9369875192642212
30400,1,enc,7.03759241104126,0.8386847376823425,0.32958984375,1.2122852802276611,1.1820069551467896
30400,2,enc,18.84606170654297,0.8810059428215027,0.70361328125,1.2504913806915283,1.2853729724884033
30600,0,enc,5.545734882354736,0.6541036367416382,0.55126953125,0.9761481881141663,0.9908050894737244
30600,1,enc,7.446622848510742,0.7486416697502136,0.371826171875,1.2987332344055176,1.3017277717590332
30600,2,enc,18.644643783569336,0.9058098196983337,0.7607421875,1.3733036518096924,1.4711016416549683
30600,0,fcst,7.943159580230713,1.0100778341293335,0.712890625,6.113001346588135,8.304818153381348
30600,1,fcst,6.940494537353516,0.7248151898384094,0.2022705078125,8.682698249816895,9.265923500061035
30600,2,fcst,3.769502878189087,0.7382336854934692,0.5478515625,9.256858825683594,9.516158103942871
30600,0,enc,5.520379066467285,0.6532246470451355,0.436767578125,0.9643038511276245,0.9787997007369995
30600,1,enc,7.21770715713501,0.7527070641517639,0.334228515625,1.1829290390014648,1.1943470239639282
30600,2,enc,18.649612426757812,0.8482727408409119,0.6796875,1.2012529373168945,1.2642076015472412
30800,0,enc,5.500652313232422,0.6399341225624084,0.5830078125,0.9282417893409729,0.9290927052497864
30800,1,enc,7.156569957733154,0.8060713410377502,0.40673828125,1.127047061920166,1.0997315645217896
30800,2,enc,18.70279884338379,0.8307804465293884,0.79296875,1.4138362407684326,1.4707006216049194
30800,0,fcst,7.952213287353516,0.997084379196167,0.67333984375,6.047344207763672,7.669805526733398
30800,1,fcst,6.9133429527282715,0.8356637358665466,0.26123046875,8.802706718444824,9.177571296691895
30800,2,fcst,3.7370615005493164,0.7792023420333862,0.54150390625,9.2362699508667,9.709278106689453
30800,0,enc,5.567991256713867,0.641211748123169,0.481201171875,0.9304555058479309,0.9471766948699951
30800,1,enc,7.2418413162231445,0.8052921295166016,0.355712890625,1.0646328926086426,1.0906386375427246
30800,2,enc,18.757572174072266,0.7983483672142029,0.689453125,1.3643414974212646,1.3234784603118896
31000,0,enc,5.655584812164307,0.6377435326576233,0.544921875,0.9142189621925354,0.9242388606071472
31000,1,enc,7.335882663726807,0.7350252866744995,0.365478515625,1.1575573682785034,1.206296443939209
31000,2,enc,18.629066467285156,0.8178247213363647,0.82470703125,1.4295380115509033,1.5020341873168945
31000,0,fcst,7.878380298614502,0.9310929179191589,0.74755859375,6.437633037567139,8.35278034210205
31000,1,fcst,6.792095184326172,0.808717668056488,0.20458984375,8.439411163330078,9.199677467346191
31000,2,fcst,3.743525743484497,0.6965577602386475,0.55908203125,9.333396911621094,9.983353614807129
31000,0,enc,5.633944988250732,0.637033998966217,0.466796875,0.9637519717216492,0.9673377871513367
31000,1,enc,7.339332103729248,0.7760704755783081,0.317138671875,1.1725715398788452,1.0918595790863037
31000,2,enc,18.63491439819336,0.8597303628921509,0.73876953125,1.2701270580291748,1.2388745546340942
31200,0,enc,5.494035720825195,0.6233511567115784,0.54443359375,0.9869375824928284,0.9694300293922424
31200,1,enc,7.507645130157471,0.8050940632820129,0.35595703125,1.2708016633987427,1.1396474838256836
31200,2,enc,18.83111000061035,0.8335002660751343,0.7734375,1.4226059913635254,1.476866602897644
31200,0,fcst,7.888407230377197,0.9481465220451355,0.7177734375,6.242095470428467,7.747087001800537
31200,1,fcst,6.703481197357178,0.859102725982666,0.23828125,9.015663146972656,9.33244800567627
31200,2,fcst,3.7419846057891846,0.7200378179550171,0.56005859375,9.316189765930176,9.876381874084473
31200,0,enc,5.455769062042236,0.6217604279518127,0.464599609375,0.9850270748138428,0.9719350337982178
31200,1,enc,7.534295082092285,0.7955917119979858,0.30859375,1.219431757926941,1.1348865032196045
31200,2,enc,18.784753799438477,0.8473415374755859,0.720703125,1.2217789888381958,1.2470475435256958
31400,0,enc,5.6027703285217285,0.6622151732444763,0.53857421875,0.9474772214889526,0.9903035759925842
31400,1,enc,7.380364894866943,0.8076966404914856,0.364501953125,1.2549514770507812,1.236144781112671
31400,2,enc,18.91090965270996,0.9188877940177917,0.748046875,1.415144920349121,1.5261610746383667
31400,0,fcst,7.882568359375,0.9863973259925842,0.67919921875,6.324446201324463,7.96319580078125
31400,1,fcst,6.757955074310303,0.8576738238334656,0.191650390625,8.702255249023438,9.459259986877441
31400,2,fcst,3.7602996826171875,0.7288445234298706,0.443603515625,9.4413480758667,9.820036888122559
31400,0,enc,5.751364231109619,0.6702359318733215,0.472900390625,0.9477041959762573,0.9732779264450073
31400,1,enc,7.042428970336914,0.8160241842269897,0.3134765625,1.2306729555130005,1.1873582601547241
31400,2,enc,18.89909553527832,0.9730444550514221,0.6318359375,1.2347445487976074,1.2591779232025146
31600,0,enc,5.695404052734375,0.6252247095108032,0.4814453125,0.8624880313873291,0.8624880313873291
31600,1,enc,7.156718730926514,0.73671954870224,0.349365234375,1.2952277660369873,1.1575140953063965
31600,2,enc,18.859861373901367,0.8957794308662415,0.732421875,1.4366501569747925,1.3711801767349243
31600,0,fcst,7.855522155761719,0.8489389419555664,0.673828125,6.459263324737549,8.21956729888916
31600,1,fcst,6.75165319442749,0.8461534380912781,0.1982421875,8.730737686157227,9.297079086303711
31600,2,fcst,3.784451723098755,0.7250675559043884,0.485595703125,9.388781547546387,10.266059875488281
31600,0,enc,5.543283462524414,0.6227076649665833,0.431640625,0.8578808307647705,0.8616917133331299
31600,1,enc,7.205103874206543,0.7351934909820557,0.298095703125,1.2443846464157104,1.1454026699066162
31600,2,enc,18.911367416381836,0.8509107828140259,0.67138671875,1.2843629121780396,1.2445374727249146
31800,0,enc,5.466839790344238,0.6003177762031555,0.515625,0.9545273780822754,0.98591148853302
31800,1,enc,7.507974147796631,0.7060627341270447,0.339111328125,1.3568565845489502,1.216132402420044
31800,2,enc,19.027746200561523,0.8376235365867615,0.8447265625,1.4296026229858398,1.4997252225875854
31800,0,fcst,7.766568183898926,0.9162664413452148,0.681640625,6.132918357849121,8.140995025634766
31800,1,fcst,6.716667175292969,0.8610379099845886,0.166015625,9.029178619384766,9.710060119628906
31800,2,fcst,3.8207199573516846,0.7129746079444885,0.467529296875,9.647174835205078,10.117823600769043
31800,0,enc,5.448874473571777,0.5982797145843506,0.431640625,0.9420596957206726,1.0123231410980225
31800,1,enc,7.272773265838623,0.7171898484230042,0.302001953125,1.145174264907837,1.1107720136642456
31800,2,enc,18.949832916259766,0.7716169953346252,0.77294921875,1.2129998207092285,1.2270760536193848
32000,0,enc,5.641635894775391,0.6035534739494324,0.45458984375,0.9416710734367371,0.9454285502433777
32000,1,enc,7.518240451812744,0.6690006256103516,0.34765625,1.265650749206543,1.228438377380371
32000,2,enc,18.66455078125,0.9192206263542175,0.7294921875,1.4003807306289673,1.3314788341522217
32000,0,fcst,7.5945563316345215,0.8246734738349915,0.66943359375,6.130347728729248,9.150120735168457
32000,1,fcst,6.760129928588867,0.8687748908996582,0.1551513671875,9.056450843811035,9.11677360534668
32000,2,fcst,3.768340826034546,0.7455267310142517,0.4423828125,9.116808891296387,9.205622673034668
32000,0,enc,5.653738975524902,0.6103506088256836,0.384033203125,0.9267931580543518,0.9309282898902893
32000,1,enc,7.51753044128418,0.6691957712173462,0.28369140625,1.2367961406707764,1.0632468461990356
32000,2,enc,18.730392456054688,0.8896707892417908,0.68798828125,1.2502659559249878,1.2771672010421753
32200,0,enc,5.711644172668457,0.575300931930542,0.456787109375,0.9397231340408325,1.0204252004623413
32200,1,enc,7.424592018127441,0.6916195154190063,0.364501953125,1.3406877517700195,1.2081834077835083
32200,2,enc,18.7742919921875,0.7901820540428162,0.74658203125,1.3301055431365967,1.343504548072815
32200,0,fcst,7.552282810211182,0.9288491606712341,0.66259765625,5.965515613555908,7.631732940673828
32200,1,fcst,6.783935070037842,0.8752322196960449,0.194091796875,8.566629409790039,8.773294448852539
32200,2,fcst,3.762115716934204,0.7064461708068848,0.45068359375,8.659626960754395,8.940683364868164
32200,0,enc,5.668371200561523,0.5770114064216614,0.3916015625,0.9333369731903076,1.0057857036590576
32200,1,enc,7.55327033996582,0.6974016427993774,0.3125,1.2391951084136963,1.0352388620376587
32200,2,enc,18.72218132019043,0.8133544921875,0.6806640625,1.1400221586227417,1.2271803617477417
32400,0,enc,5.454754829406738,0.626961350440979,0.473388671875,0.9824094772338867,0.9936246871948242
32400,1,enc,7.214684009552002,0.6932300925254822,0.383544921875,1.3848240375518799,1.309135913848877
32400,2,enc,18.739343643188477,0.7784155607223511,0.7041015625,1.309135913848877,1.371093511581421
32400,0,fcst,7.436333179473877,0.8099889159202576,0.8232421875,6.395774841308594,8.420879364013672
32400,1,fcst,6.797549247741699,0.8871495127677917,0.172119140625,9.671273231506348,10.031787872314453
32400,2,fcst,3.995692491531372,0.7131929993629456,0.48486328125,9.926380157470703,9.969477653503418
32400,0,enc,5.541555404663086,0.6201440691947937,0.357421875,0.9922288060188293,1.0030090808868408
32400,1,enc,7.210945129394531,0.6915431618690491,0.32568359375,1.2450069189071655,1.092132806777954
32400,2,enc,18.67325782775879,0.8534355163574219,0.72412109375,1.1707987785339355,1.1973040103912354
32600,0,enc,5.689847946166992,0.5716717839241028,0.412841796875,0.9242069721221924,0.9262010455131531
32600,1,enc,7.343962669372559,0.6806206703186035,0.36181640625,1.32293701171875,1.337828516960144
32600,2,enc,18.69385528564453,0.8065593838691711,0.7275390625,1.515953540802002,1.4364721775054932
32600,0,fcst,7.4677958488464355,0.8716989159584045,0.67236328125,6.186695098876953,8.784618377685547
32600,1,fcst,6.845047950744629,0.9259315133094788,0.2044677734375,8.955337524414062,9.674196243286133
32600,2,fcst,3.8069281578063965,0.7159571051597595,0.55712890625,9.674196243286133,9.753202438354492
32600,0,enc,5.624464988708496,0.5686784386634827,0.351806640625,0.9189072251319885,0.9171791672706604
32600,1,enc,7.389172554016113,0.6844369769096375,0.3115234375,1.2965348958969116,0.9658674597740173
32600,2,enc,18.783653259277344,0.827603280544281,0.671875,1.4886070489883423,1.4035240411758423
32800,0,enc,5.632400989532471,0.5397382378578186,0.40625,0.9233983159065247,0.9236603379249573
32800,1,enc,7.667929172515869,0.7012720704078674,0.351806640625,1.2588496208190918,1.081002950668335
32800,2,enc,18.850549697875977,0.8489102721214294,0.755859375,1.4603149890899658,1.4788119792938232
32800,0,fcst,7.489648818969727,0.9113916158676147,0.64697265625,6.13391637802124,7.950209140777588
32800,1,fcst,7.037476539611816,0.8122481107711792,0.1724853515625,8.347140312194824,9.055622100830078
32800,2,fcst,3.9484617710113525,0.6888365149497986,0.494873046875,9.055622100830078,9.674654006958008
32800,0,enc,5.670776844024658,0.5500501394271851,0.3154296875,0.9461320042610168,0.9461039304733276
32800,1,enc,7.464855670928955,0.707603394985199,0.3056640625,1.2379465103149414,1.0562785863876343
32800,2,enc,18.805524826049805,0.8755248188972473,0.708984375,1.36174476146698,1.3703663349151611
33000,0,enc,5.565278053283691,0.513985812664032,0.40234375,0.9015957713127136,0.9046555757522583
33000,1,enc,7.362233638763428,0.7305651903152466,0.3720703125,1.2876389026641846,1.2876389026641846
33000,2,enc,18.937210083007812,0.8845944404602051,0.7275390625,1.62330162525177,1.6623342037200928
33000,0,fcst,7.448366165161133,0.8667084574699402,0.728515625,6.522498607635498,8.13212776184082
33000,1,fcst,7.076186656951904,0.8098483085632324,0.173095703125,8.593554496765137,8.714200973510742
33000,2,fcst,3.9180636405944824,0.7176145315170288,0.51708984375,8.808432579040527,9.137664794921875
33000,0,enc,5.742805480957031,0.5171507000923157,0.325927734375,0.9065545797348022,0.9482110738754272
33000,1,enc,7.269545555114746,0.7324492335319519,0.301025390625,1.15057373046875,1.0857765674591064
33000,2,enc,18.95086097717285,0.8362213969230652,0.64794921875,1.3976610898971558,1.3942049741744995
33200,0,enc,5.8936944007873535,0.5307244062423706,0.386962890625,1.0328433513641357,1.0859439373016357
33200,1,enc,7.585396766662598,0.7104588747024536,0.40576171875,1.3718993663787842,1.3718993663787842
33200,2,enc,18.93248748779297,0.8985829949378967,0.70947265625,1.5392712354660034,1.5869803428649902
33200,0,fcst,7.421043872833252,0.825907289981842,0.6494140625,6.267950057983398,7.533989906311035
33200,1,fcst,7.045570373535156,0.7779548764228821,0.203857421875,7.916009902954102,8.214674949645996
33200,2,fcst,4.090385437011719,0.7071545720100403,0.5458984375,8.174355506896973,8.583986282348633
33200,0,enc,5.8349223136901855,0.5359352827072144,0.304931640625,1.0258512496948242,1.0722379684448242
33200,1,enc,7.556572914123535,0.7143661975860596,0.3134765625,1.2429685592651367,1.0664267539978027
33200,2,enc,18.90863609313965,0.9076790809631348,0.6533203125,1.3644187450408936,1.4197471141815186
33400,0,enc,5.867239952087402,0.5238886475563049,0.356201171875,1.1570593118667603,1.1741660833358765
33400,1,enc,7.427242755889893,0.6770737171173096,0.37890625,1.3469337224960327,1.2448687553405762
33400,2,enc,18.96165657043457,0.8102352619171143,0.67431640625,1.5149133205413818,1.6497331857681274
33400,0,fcst,7.4331159591674805,0.8407998085021973,0.65234375,6.137606620788574,7.404065132141113
33400,1,fcst,7.151925086975098,0.7743058800697327,0.2181396484375,8.227448463439941,9.262604713439941
33400,2,fcst,3.9131417274475098,0.8031237721443176,0.52587890625,9.250837326049805,9.87746524810791
33400,0,enc,5.954113006591797,0.5311143398284912,0.306640625,1.1395070552825928,1.1572988033294678
33400,1,enc,7.423799514770508,0.6775564551353455,0.316162109375,1.181511640548706,1.181030035018921
33400,2,enc,18.857067108154297,0.894063413143158,0.68212890625,1.3574073314666748,1.3687899112701416
33600,0,enc,5.870832920074463,0.4992803633213043,0.343017578125,0.9180195927619934,0.9096764922142029
33600,1,enc,7.297900199890137,0.6769209504127502,0.349365234375,1.3045153617858887,1.1857718229293823
33600,2,enc,18.751981735229492,0.8315752744674683,0.6533203125,1.3980422019958496,1.3904424905776978
33600,0,fcst,7.44956111907959,0.8342978358268738,0.65234375,6.148029327392578,8.37782096862793
33600,1,fcst,7.1554484367370605,0.8243669271469116,0.1632080078125,9.754243850708008,10.067286491394043
33600,2,fcst,3.9784395694732666,0.6733608841896057,0.46435546875,10.065657615661621,10.23316478729248
33600,0,enc,5.783546447753906,0.49849656224250793,0.2978515625,0.9358599781990051,0.9189549684524536
33600,1,enc,7.261233806610107,0.6765149831771851,0.316650390625,1.2152661085128784,1.109946846961975
33600,2,enc,18.712596893310547,0.9016478061676025,0.64599609375,1.2306809425354004,1.3594651222229004
33800,0,enc,6.091892719268799,0.5413488745689392,0.366943359375,0.946907639503479,0.9450384378433228
33800,1,enc,7.548710823059082,0.7358757853507996,0.375,1.3737947940826416,1.2212636470794678
33800,2,enc,18.74376106262207,0.861390233039856,0.74609375,1.4515137672424316,1.4333581924438477
33800,0,fcst,7.621910095214844,0.9496189951896667,0.66064453125,6.1862993240356445,7.718711853027344
33800,1,fcst,7.242207050323486,0.8464357852935791,0.1417236328125,8.69438648223877,9.202470779418945
33800,2,fcst,3.79286789894104,0.7412562370300293,0.450439453125,9.20820426940918,9.89396858215332
33800,0,enc,6.127040386199951,0.5382593870162964,0.29248046875,0.9454435110092163,0.9662695527076721
33800,1,enc,7.519287586212158,0.7363080382347107,0.3076171875,1.3083678483963013,1.0280181169509888
33800,2,enc,18.7421817779541,0.8063152432441711,0.63330078125,1.2551759481430054,1.3063234090805054
34000,0,enc,5.9059576988220215,0.5079920291900635,0.33154296875,0.9067674279212952,0.9329922795295715
34000,1,enc,7.46905517578125,0.7079489231109619,0.37646484375,1.0928630828857422,1.0957543849945068
34000,2,enc,18.631980895996094,0.8305134177207947,0.6943359375,1.3705880641937256,1.6320898532867432
34000,0,fcst,7.460953235626221,0.9120533466339111,0.66162109375,6.162054538726807,7.406311988830566
34000,1,fcst,7.186700344085693,0.7993531227111816,0.155029296875,8.6641845703125,9.53603744506836
34000,2,fcst,3.791452646255493,0.6566234827041626,0.4921875,9.52746295928955,10.067556381225586
34000,0,enc,5.9314680099487305,0.5161937475204468,0.27490234375,0.8992984890937805,0.9012277722358704
34000,1,enc,7.514176845550537,0.7179866433143616,0.306640625,1.0670377016067505,1.0121471881866455
34000,2,enc,18.64824676513672,0.8702800273895264,0.64453125,1.2316290140151978,1.2477296590805054
34200,0,enc,5.9514546394348145,0.48188892006874084,0.33447265625,0.9864410161972046,0.9876734018325806
34200,1,enc,7.407157897949219,0.675931990146637,0.4130859375,1.1210139989852905,1.1058783531188965
34200,2,enc,18.66946029663086,0.8561298251152039,0.8876953125,1.3645193576812744,1.3750733137130737
34200,0,fcst,7.538818836212158,0.9946556091308594,0.62890625,6.384239196777344,7.733841896057129
34200,1,fcst,7.299448490142822,0.7900346517562866,0.150634765625,8.59784984588623,8.956196784973145
34200,2,fcst,3.8248608112335205,0.6753792762756348,0.50732421875,8.956513404846191,9.347251892089844
34200,0,enc,6.037899971008301,0.47983062267303467,0.264404296875,0.9799458384513855,0.9815928339958191
34200,1,enc,7.513900279998779,0.6952835321426392,0.324462890625,1.0615228414535522,0.9610366225242615
34200,2,enc,18.69465446472168,0.8459964990615845,0.7216796875,1.254884123802185,1.160462737083435
34400,0,enc,5.906441688537598,0.477016419172287,0.323486328125,1.145260214805603,1.1583489179611206
34400,1,enc,7.546032905578613,0.6893439888954163,0.408935546875,1.3469505310058594,1.1820580959320068
34400,2,enc,18.689096450805664,0.8193108439445496,0.873046875,1.334482192993164,1.4016547203063965
34400,0,fcst,7.574581146240234,0.9005606174468994,0.640625,6.285319805145264,7.670046806335449
34400,1,fcst,7.299917697906494,0.8251117467880249,0.1900634765625,8.286372184753418,8.340910911560059
34400,2,fcst,3.8734655380249023,0.6578278541564941,0.5302734375,8.348762512207031,9.104338645935059
34400,0,enc,5.935659408569336,0.4747336208820343,0.318115234375,1.1509090662002563,1.162192940711975
34400,1,enc,7.490900993347168,0.6951126456260681,0.341552734375,1.3823790550231934,1.1847048997879028
34400,2,enc,18.729049682617188,0.9173161387443542,0.68505859375,1.1896557807922363,1.2109407186508179
34600,0,enc,5.9627838134765625,0.48385173082351685,0.312255859375,0.9293134808540344,0.9283857941627502
34600,1,enc,7.560304164886475,0.6893038153648376,0.43359375,1.2986201047897339,1.0197861194610596
34600,2,enc,18.581029891967773,0.8970974087715149,0.71484375,1.2931469678878784,1.333701491355896
34600,0,fcst,7.522533416748047,1.0159000158309937,0.6484375,7.201596736907959,8.457616806030273
34600,1,fcst,7.246685028076172,0.7356663346290588,0.1759033203125,8.782075881958008,9.548677444458008
34600,2,fcst,4.010468006134033,0.6878288388252258,0.6220703125,9.549605369567871,10.120121002197266
34600,0,enc,6.0299391746521,0.4823072552680969,0.29052734375,0.9286243915557861,0.9285687804222107
34600,1,enc,7.458060264587402,0.6899850368499756,0.349365234375,1.1447516679763794,1.1379494667053223
34600,2,enc,18.57229995727539,0.8433024883270264,0.67919921875,1.339425802230835,1.3519456386566162
34800,0,enc,6.107253551483154,0.46773409843444824,0.3408203125,0.9675520658493042,0.963709831237793
34800,1,enc,7.5489044189453125,0.7307398319244385,0.42822265625,1.1314473152160645,1.0851750373840332
34800,2,enc,18.590471267700195,0.8205909729003906,0.6826171875,1.4156625270843506,1.4156625270843506
34800,0,fcst,7.647563934326172,1.0003730058670044,0.62451171875,6.167391777038574,8.44998550415039
34800,1,fcst,7.254837989807129,0.8140610456466675,0.1517333984375,9.027327537536621,9.520491600036621
34800,2,fcst,3.8749470710754395,0.6547814011573792,0.50439453125,9.450977325439453,9.617400169372559
34800,0,enc,6.078842639923096,0.46973180770874023,0.308837890625,0.9603371024131775,0.9575962424278259
34800,1,enc,7.5003814697265625,0.7351970672607422,0.340087890625,1.166948914527893,1.082972526550293
34800,2,enc,18.60813331604004,0.8778693079948425,0.638671875,1.1962954998016357,1.144858956336975
35000,0,enc,5.973597526550293,0.4613471031188965,0.340576171875,0.945120096206665,0.9939751625061035
35000,1,enc,7.75875186920166,0.6884996294975281,0.396240234375,1.1343457698822021,1.0695433616638184
35000,2,enc,18.638015747070312,0.7589981555938721,0.7568359375,1.3696300983428955,1.3348400592803955
35000,0,fcst,7.569282054901123,1.0190707445144653,0.705078125,6.381870269775391,7.516486644744873
35000,1,fcst,7.30857515335083,0.7254550457000732,0.1539306640625,8.313340187072754,8.752857208251953
35000,2,fcst,3.815864324569702,0.5839894413948059,0.52880859375,8.774036407470703,9.006919860839844
35000,0,enc,6.037906646728516,0.45942002534866333,0.277587890625,0.9502782225608826,0.9828075766563416
35000,1,enc,7.692978382110596,0.7025513052940369,0.32666015625,1.0723791122436523,1.090699553489685
35000,2,enc,18.68880271911621,0.8046387434005737,0.67138671875,1.1064549684524536,1.1400763988494873
35200,0,enc,5.818572044372559,0.45551037788391113,0.310791015625,0.9907388687133789,0.9926303029060364
35200,1,enc,7.48383092880249,0.6858996152877808,0.4189453125,1.4720401763916016,1.270277976989746
35200,2,enc,18.66388702392578,0.8528648018836975,0.7685546875,1.387459635734558,1.46226167678833
35200,0,fcst,7.6773786544799805,1.0338160991668701,0.64599609375,6.31430196762085,7.864631652832031
35200,1,fcst,7.332761764526367,0.6685744524002075,0.1566162109375,9.373229026794434,9.489466667175293
35200,2,fcst,3.9791884422302246,0.6701740622520447,0.5224609375,9.462363243103027,9.732203483581543
35200,0,enc,5.809876918792725,0.45700904726982117,0.257080078125,0.9857409596443176,0.9867375493049622
35200,1,enc,7.344740390777588,0.6873100399971008,0.330322265625,1.2746825218200684,0.9609807133674622
35200,2,enc,18.65787124633789,0.8417109251022339,0.646484375,1.0742483139038086,1.0780514478683472
35400,0,enc,5.544902324676514,0.47125303745269775,0.30712890625,0.9904907941818237,0.9922805428504944
35400,1,enc,7.300619602203369,0.6908057928085327,0.409912109375,1.1952807903289795,1.0370386838912964
35400,2,enc,18.572601318359375,0.8407817482948303,0.712890625,1.400909423828125,1.3870402574539185
35400,0,fcst,7.716894149780273,0.9745103120803833,0.72998046875,6.593498706817627,8.781881332397461
35400,1,fcst,7.488523960113525,0.6777936816215515,0.145263671875,10.220370292663574,10.712449073791504
35400,2,fcst,3.896700859069824,0.6925666928291321,0.50537109375,10.720232963562012,10.720232963562012
35400,0,enc,5.635191917419434,0.46998119354248047,0.277099609375,0.9912603497505188,0.9917681813240051
35400,1,enc,7.305176258087158,0.6896257400512695,0.35400390625,1.169572353363037,1.076554775238037
35400,2,enc,18.578824996948242,0.8663939833641052,0.625,1.1845269203186035,1.2191643714904785
35600,0,enc,5.945950031280518,0.4404718279838562,0.322998046875,0.9668470621109009,0.9652533531188965
35600,1,enc,7.478793621063232,0.6778994798660278,0.39892578125,1.2326982021331787,1.0219645500183105
35600,2,enc,18.608312606811523,0.8581157326698303,0.76220703125,1.2889286279678345,1.3415205478668213
35600,0,fcst,7.7228102684021,1.2143481969833374,0.62744140625,6.089787006378174,8.201035499572754
35600,1,fcst,7.526298999786377,0.6595460772514343,0.134765625,8.842289924621582,9.717398643493652
35600,2,fcst,3.9014699459075928,0.6830883622169495,0.55615234375,9.746537208557129,9.792957305908203
35600,0,enc,5.929584503173828,0.44084855914115906,0.293701171875,0.9790807962417603,0.9784218072891235
35600,1,enc,7.370126247406006,0.6775882840156555,0.338134765625,1.1175910234451294,1.0519801378250122
35600,2,enc,18.591270446777344,0.9706167578697205,0.62158203125,1.193169116973877,1.234032154083252
35800,0,enc,5.661098480224609,0.46783173084259033,0.2900390625,1.039960265159607,1.0507007837295532
35800,1,enc,7.647433757781982,0.6642523407936096,0.390869140625,1.2334524393081665,1.1423529386520386
35800,2,enc,18.866775512695312,0.8122361898422241,0.6533203125,1.4585788249969482,1.4917582273483276
35800,0,fcst,7.787317752838135,1.1094825267791748,0.59912109375,6.5172119140625,7.742144584655762
35800,1,fcst,7.426900863647461,0.7102758884429932,0.14453125,8.533300399780273,8.931520462036133
35800,2,fcst,3.881446123123169,0.6885512471199036,0.5625,8.907393455505371,9.448244094848633
35800,0,enc,5.696532249450684,0.46580398082733154,0.26904296875,1.0360552072525024,1.0467363595962524
35800,1,enc,7.608221530914307,0.6674333810806274,0.328369140625,1.2822165489196777,1.113344430923462
35800,2,enc,18.772720336914062,0.7721593976020813,0.68701171875,1.182792067527771,1.18329656124115
36000,0,enc,5.681332588195801,0.44952088594436646,0.30517578125,0.978103756904602,0.9772454500198364
36000,1,enc,7.467177867889404,0.6642427444458008,0.38671875,1.0509090423583984,1.0653789043426514
36000,2,enc,18.619693756103516,0.8186613917350769,0.71435546875,1.4276492595672607,1.4646772146224976
36000,0,fcst,7.773277282714844,1.1326895952224731,0.625,6.3988566398620605,8.97606086730957
36000,1,fcst,7.3333048820495605,0.5868958830833435,0.1356201171875,8.97606086730957,9.664992332458496
36000,2,fcst,3.854884147644043,0.6229873299598694,0.57080078125,9.665614128112793,9.665614128112793
36000,0,enc,5.69500207901001,0.43481823801994324,0.250732421875,0.9751088619232178,0.974942684173584
36000,1,enc,7.460170269012451,0.6655983924865723,0.34033203125,1.0274076461791992,1.0600472688674927
36000,2,enc,18.650901794433594,0.8039794564247131,0.6650390625,1.356345772743225,1.3815380334854126
36200,0,enc,5.7943434715271,0.477090448141098,0.2880859375,0.9414872527122498,0.9589501023292542
36200,1,enc,7.5789384841918945,0.6964861154556274,0.454345703125,1.2081862688064575,1.200276255607605
36200,2,enc,18.618392944335938,0.8740345239639282,0.646484375,1.3863625526428223,1.3863625526428223
36200,0,fcst,7.955047130584717,1.0344949960708618,0.6162109375,6.452670097351074,8.70583724975586
36200,1,fcst,7.464913368225098,0.586303174495697,0.1329345703125,9.457072257995605,9.553032875061035
36200,2,fcst,3.8792929649353027,0.6347319483757019,0.5625,9.55744457244873,9.631229400634766
36200,0,enc,5.779044151306152,0.4811570644378662,0.2509765625,0.9253876805305481,0.9295037388801575
36200,1,enc,7.545533180236816,0.704662561416626,0.36474609375,1.1805356740951538,1.0256931781768799
36200,2,enc,18.611337661743164,0.8975284099578857,0.63720703125,1.2049729824066162,1.2294402122497559
36400,0,enc,5.772999286651611,0.455661803483963,0.2685546875,0.9495088458061218,0.952126145362854
36400,1,enc,7.531363010406494,0.6853210926055908,0.44287109375,1.204935908317566,1.0609352588653564
36400,2,enc,18.684038162231445,0.9100916981697083,0.67138671875,1.528657078742981,1.456635594367981
36400,0,fcst,7.82969331741333,0.9473887085914612,0.60791015625,6.412173271179199,7.764004707336426
36400,1,fcst,7.4728217124938965,0.6238632798194885,0.1395263671875,9.37741470336914,9.675537109375
36400,2,fcst,4.054116249084473,0.6489589810371399,0.54150390625,9.669960975646973,10.361692428588867
36400,0,enc,5.764069557189941,0.4476989507675171,0.233642578125,0.9618015885353088,0.9619796872138977
36400,1,enc,7.516982078552246,0.6846397519111633,0.374755859375,1.1339832544326782,1.008056879043579
36400,2,enc,18.679677963256836,0.8029186725616455,0.6474609375,1.1362214088439941,1.175860047340393
36600,0,enc,5.735203266143799,0.46677979826927185,0.271484375,1.0260580778121948,1.031415581703186
36600,1,enc,7.7512617111206055,0.6931954026222229,0.424072265625,1.2041430473327637,1.1673388481140137
36600,2,enc,18.780696868896484,0.8485987186431885,0.736328125,1.3668482303619385,1.363092064857483
36600,0,fcst,7.7632598876953125,0.9344427585601807,0.6279296875,6.492710113525391,7.960362434387207
36600,1,fcst,7.5654144287109375,0.5581949949264526,0.117919921875,8.836241722106934,9.170443534851074
36600,2,fcst,3.826807975769043,0.6283642649650574,0.59228515625,9.25462818145752,9.66125774383545
36600,0,enc,5.788687705993652,0.4671003520488739,0.2459716796875,1.0069999694824219,1.0112037658691406
36600,1,enc,7.724540710449219,0.693668782711029,0.34521484375,1.1608078479766846,1.0221093893051147
36600,2,enc,18.783092498779297,0.8187785148620605,0.65283203125,1.4348691701889038,1.4469236135482788
36800,0,enc,5.7257080078125,0.46616503596305847,0.299072265625,0.9602912664413452,0.9544378519058228
36800,1,enc,7.5724992752075195,0.7009589672088623,0.393798828125,1.2914284467697144,1.1492226123809814
36800,2,enc,18.78087043762207,0.8964437246322632,0.677734375,1.390309453010559,1.4513777494430542
36800,0,fcst,7.950985908508301,0.9898128509521484,0.57275390625,6.33186674118042,7.85560417175293
36800,1,fcst,7.550184726715088,0.5606058835983276,0.11822509765625,8.87460708618164,9.185704231262207
36800,2,fcst,3.8656744956970215,0.6173498630523682,0.56689453125,9.2960786819458,9.80280590057373
36800,0,enc,5.778346538543701,0.4643077254295349,0.275146484375,0.9446022510528564,0.9472457766532898
36800,1,enc,7.517024517059326,0.6991623044013977,0.34228515625,1.2640353441238403,1.057314395904541
36800,2,enc,18.791236877441406,0.8035409450531006,0.67724609375,1.2739566564559937,1.2768710851669312
37000,0,enc,5.744354248046875,0.43908584117889404,0.292724609375,0.9450569748878479,0.9845098257064819
37000,1,enc,7.488237380981445,0.6988206505775452,0.428466796875,1.099616527557373,1.1029547452926636
37000,2,enc,18.69835090637207,0.8056529760360718,0.64013671875,1.3430505990982056,1.39621901512146
37000,0,fcst,7.9422125816345215,1.0139355659484863,0.6416015625,6.3607330322265625,8.011085510253906
37000,1,fcst,7.397106170654297,0.6447024345397949,0.13232421875,8.613728523254395,9.569674491882324
37000,2,fcst,3.8537018299102783,0.6587532162666321,0.603515625,9.74644947052002,10.26023006439209
37000,0,enc,5.689158916473389,0.4518582820892334,0.270263671875,0.9500365853309631,0.984684944152832
37000,1,enc,7.508223533630371,0.6992727518081665,0.342041015625,1.161956548690796,1.0585904121398926
37000,2,enc,18.711578369140625,0.826850414276123,0.615234375,1.3483623266220093,1.409214973449707
37200,0,enc,5.600214004516602,0.41887807846069336,0.3017578125,0.908417820930481,0.9555612206459045
37200,1,enc,7.3143310546875,0.6896852254867554,0.36328125,1.1403214931488037,1.0837616920471191
37200,2,enc,18.587425231933594,0.7376211285591125,0.69580078125,1.2780466079711914,1.3764188289642334
37200,0,fcst,7.825118064880371,0.9442309737205505,0.5888671875,6.489567279815674,7.6396164894104
37200,1,fcst,7.27469539642334,0.49351558089256287,0.129638671875,9.195978164672852,9.562731742858887
37200,2,fcst,3.7798562049865723,0.6173793077468872,0.6240234375,9.576704025268555,9.825592041015625
37200,0,enc,5.576147079467773,0.42799869179725647,0.280029296875,0.9019448161125183,0.9308395981788635
37200,1,enc,7.372276782989502,0.6865509152412415,0.293212890625,1.133529543876648,1.0131397247314453
37200,2,enc,18.589365005493164,0.7937511205673218,0.62451171875,1.2351493835449219,1.1926249265670776
37400,0,enc,5.661840915679932,0.38096171617507935,0.27197265625,1.0161670446395874,1.0685216188430786
37400,1,enc,7.446360111236572,0.6787002086639404,0.37939453125,1.3584915399551392,1.18975830078125
37400,2,enc,18.644643783569336,0.7791392207145691,0.71826171875,1.3108450174331665,1.3076131343841553
37400,0,fcst,7.725341796875,0.8992254137992859,0.69873046875,6.942413330078125,7.8941650390625
37400,1,fcst,7.329224109649658,0.4948011636734009,0.142578125,8.900357246398926,9.343194961547852
37400,2,fcst,3.8294053077697754,0.6300777792930603,0.68408203125,9.337069511413574,9.596917152404785
37400,0,enc,5.67461633682251,0.3798004686832428,0.266357421875,1.0218364000320435,1.0750895738601685
37400,1,enc,7.411797523498535,0.6789385676383972,0.319091796875,1.2585644721984863,1.234106421470642
37400,2,enc,18.638879776000977,0.8007247447967529,0.7314453125,1.2095355987548828,1.2630634307861328
37600,0,enc,5.648738384246826,0.39126086235046387,0.28515625,0.9594318866729736,0.9765048027038574
37600,1,enc,7.301228046417236,0.6813519597053528,0.41796875,1.1670433282852173,1.1670433282852173
37600,2,enc,18.6541805267334,0.7698533535003662,0.66943359375,1.32511305809021,1.3326646089553833
37600,0,fcst,7.635178565979004,0.8509985208511353,0.58447265625,6.621802806854248,8.00883674621582
37600,1,fcst,7.339530944824219,0.4529349207878113,0.1529541015625,8.824115753173828,9.163471221923828
37600,2,fcst,3.8801093101501465,0.6423439383506775,0.64453125,9.144502639770508,9.85799789428711
37600,0,enc,5.642154693603516,0.38902416825294495,0.26611328125,0.9679818749427795,0.9826913475990295
37600,1,enc,7.275197982788086,0.6807371377944946,0.337646484375,1.1012613773345947,1.007859706878662
37600,2,enc,18.643798828125,0.7847715616226196,0.68212890625,1.2683078050613403,1.2753459215164185
37800,0,enc,5.6743574142456055,0.39593505859375,0.2685546875,0.9254775047302246,0.9555478692054749
37800,1,enc,7.330194473266602,0.6739019155502319,0.4140625,1.2979800701141357,1.265703797340393
37800,2,enc,18.93225860595703,0.8615685105323792,0.720703125,1.4597218036651611,1.5491721630096436
37800,0,fcst,7.494192600250244,0.8161236643791199,0.6171875,6.307375431060791,8.549562454223633
37800,1,fcst,7.281797885894775,0.5101602673530579,0.1273193359375,9.906777381896973,10.221447944641113
37800,2,fcst,3.8877146244049072,0.628765881061554,0.6298828125,10.22499942779541,10.596635818481445
37800,0,enc,5.718437671661377,0.3984498381614685,0.235107421875,0.9645786285400391,0.9594897031784058
37800,1,enc,7.227264404296875,0.6773747801780701,0.369873046875,1.2397243976593018,1.1086738109588623
37800,2,enc,18.94873809814453,0.7316642999649048,0.7177734375,1.2796008586883545,1.4037797451019287
38000,0,enc,5.5137128829956055,0.38099363446235657,0.258544921875,0.9581417441368103,0.9665722250938416
38000,1,enc,7.131425857543945,0.6673640608787537,0.392578125,1.1120457649230957,1.1993284225463867
38000,2,enc,18.860654830932617,0.7965465784072876,0.67626953125,1.3762279748916626,1.305848479270935
38000,0,fcst,7.484714984893799,0.9460963010787964,0.60498046875,6.371682643890381,8.094200134277344
38000,1,fcst,7.240357875823975,0.4997333586215973,0.12103271484375,8.46962833404541,8.665742874145508
38000,2,fcst,3.9067468643188477,0.6920600533485413,0.65625,8.67438793182373,9.186288833618164
38000,0,enc,5.591793060302734,0.3826282322406769,0.222412109375,0.9641782641410828,0.9741880297660828
38000,1,enc,7.1439104080200195,0.6658512949943542,0.320068359375,1.122960090637207,1.0564604997634888
38000,2,enc,18.830833435058594,0.7801769971847534,0.640625,1.2897204160690308,1.3539904356002808
38200,0,enc,5.433610916137695,0.42068755626678467,0.26318359375,0.833294153213501,0.9495038390159607
38200,1,enc,6.919305801391602,0.6702733039855957,0.370361328125,1.1757416725158691,1.1606608629226685
38200,2,enc,18.778806686401367,0.9934025406837463,0.7265625,1.320008397102356,1.3341821432113647
38200,0,fcst,7.602128028869629,0.8878306746482849,0.638671875,6.233018398284912,8.099337577819824
38200,1,fcst,7.367570400238037,0.517390787601471,0.113037109375,8.696903228759766,9.319190979003906
38200,2,fcst,3.7391951084136963,0.5923826098442078,0.6298828125,9.328160285949707,9.791707992553711
38200,0,enc,5.4893388748168945,0.4199542999267578,0.2347412109375,0.844221830368042,0.9579762816429138
38200,1,enc,6.959968566894531,0.670420229434967,0.325927734375,1.1077606678009033,1.1426422595977783
38200,2,enc,18.76964569091797,0.8821528553962708,0.6455078125,1.2503191232681274,1.2871538400650024
38400,0,enc,5.580137252807617,0.3900018632411957,0.25439453125,1.0010117292404175,1.0010117292404175
38400,1,enc,6.748522758483887,0.6750289797782898,0.41650390625,1.2602818012237549,1.3466126918792725
38400,2,enc,18.60357093811035,0.7778109908103943,0.6728515625,1.5954018831253052,1.6391098499298096
38400,0,fcst,7.512013912200928,0.8965107798576355,0.6513671875,7.613146781921387,9.278728485107422
38400,1,fcst,7.3425822257995605,0.4029462933540344,0.10198974609375,9.877525329589844,10.24536418914795
38400,2,fcst,3.7448980808258057,0.6541347503662109,0.71044921875,10.24565601348877,10.730769157409668
38400,0,enc,5.6086883544921875,0.38431593775749207,0.2059326171875,1.016356110572815,1.0206362009048462
38400,1,enc,6.780137062072754,0.6743219494819641,0.30419921875,1.2000236511230469,1.2812614440917969
38400,2,enc,18.634607315063477,0.7526442408561707,0.69921875,1.378947377204895,1.4332295656204224
38600,0,enc,5.688535690307617,0.3690548539161682,0.2509765625,1.0954662561416626,1.1407339572906494
38600,1,enc,6.874475955963135,0.6722825169563293,0.360595703125,1.1661378145217896,1.2429745197296143
38600,2,enc,18.567340850830078,0.8337167501449585,0.6689453125,1.6093320846557617,1.623548150062561
38600,0,fcst,7.510206699371338,0.8639676570892334,0.615234375,6.486116409301758,8.104705810546875
38600,1,fcst,7.347294807434082,0.41654953360557556,0.1142578125,8.651683807373047,9.754656791687012
38600,2,fcst,3.7813875675201416,0.6075608730316162,0.62255859375,9.757847785949707,10.345955848693848
38600,0,enc,5.69405460357666,0.36473512649536133,0.2078857421875,1.1086314916610718,1.1417125463485718
38600,1,enc,6.848369121551514,0.6694968938827515,0.305419921875,1.1206005811691284,1.2189295291900635
38600,2,enc,18.573957443237305,0.8442392349243164,0.64208984375,1.4509446620941162,1.4904038906097412
38800,0,enc,5.862910270690918,0.3705947697162628,0.244384765625,0.9230206608772278,0.9577767848968506
38800,1,enc,6.962690353393555,0.6800405979156494,0.367919921875,1.2387402057647705,1.2720731496810913
38800,2,enc,18.64203643798828,0.8664600253105164,0.6953125,1.3028509616851807,1.3584946393966675
38800,0,fcst,7.656433582305908,0.8255228996276855,0.67236328125,6.388620853424072,7.835172653198242
38800,1,fcst,7.379894733428955,0.46899858117103577,0.1220703125,8.768037796020508,9.669730186462402
38800,2,fcst,3.8911476135253906,0.5790864825248718,0.5517578125,9.67090892791748,10.14833927154541
38800,0,enc,5.775656223297119,0.36778056621551514,0.220458984375,0.9426974654197693,0.9740085005760193
38800,1,enc,6.960688591003418,0.6762677431106567,0.298828125,1.1273138523101807,1.1349561214447021
38800,2,enc,18.663911819458008,0.8824783563613892,0.68115234375,1.2310463190078735,1.2471901178359985
39000,0,enc,5.834108829498291,0.37440478801727295,0.242431640625,0.9739903807640076,0.958935022354126
39000,1,enc,6.932163715362549,0.6612071394920349,0.378662109375,1.163158655166626,1.0343761444091797
39000,2,enc,18.77943229675293,0.807597279548645,0.6337890625,1.4804221391677856,1.4669690132141113
39000,0,fcst,7.6771345138549805,0.8179183602333069,0.6015625,6.159768581390381,8.534869194030762
39000,1,fcst,7.246091842651367,0.44386428594589233,0.11895751953125,8.809552192687988,9.060032844543457
39000,2,fcst,3.82051944732666,0.6379125118255615,0.62890625,9.06035327911377,9.548091888427734
39000,0,enc,5.850387096405029,0.3756188154220581,0.19775390625,0.9664109945297241,0.9534105062484741
39000,1,enc,6.853967666625977,0.6601220369338989,0.303466796875,1.093348741531372,1.0327868461608887
39000,2,enc,18.73799705505371,0.8417438864707947,0.64794921875,1.2979049682617188,1.2908668518066406
39200,0,enc,5.863381862640381,0.35794222354888916,0.2357177734375,0.9364776015281677,0.9851701259613037
39200,1,enc,7.058127403259277,0.6529197096824646,0.375732421875,1.1528555154800415,1.1622028350830078
39200,2,enc,18.5689640045166,0.7977011203765869,0.66064453125,1.4755759239196777,1.415320634841919
39200,0,fcst,7.58170223236084,0.9132280349731445,0.53759765625,6.416210651397705,7.731907367706299
39200,1,fcst,7.183261871337891,0.3974458873271942,0.11151123046875,8.794121742248535,8.95213508605957
39200,2,fcst,3.8879051208496094,0.6492957472801208,0.6806640625,9.022436141967773,9.004297256469727
39200,0,enc,5.830214023590088,0.3609285354614258,0.2041015625,0.908027172088623,0.934089183807373
39200,1,enc,7.120967388153076,0.6515711545944214,0.3046875,1.166485071182251,1.0579025745391846
39200,2,enc,18.610370635986328,0.8168158531188965,0.587890625,1.3397401571273804,1.2867921590805054
39400,0,enc,5.804000377655029,0.3664996325969696,0.227783203125,1.0348490476608276,1.0329809188842773
39400,1,enc,7.219485282897949,0.6524935960769653,0.381591796875,1.1073081493377686,1.197708010673523
39400,2,enc,18.482332229614258,0.7789720892906189,0.6328125,1.2991266250610352,1.2993677854537964
39400,0,fcst,7.648184299468994,0.9188317656517029,0.63916015625,6.234084129333496,8.520218849182129
39400,1,fcst,7.267115116119385,0.37950655817985535,0.108642578125,8.511241912841797,9.319618225097656
39400,2,fcst,4.10840368270874,0.6826621294021606,0.61376953125,9.285058975219727,9.646929740905762
39400,0,enc,5.808143615722656,0.3665791153907776,0.1822509765625,1.0395134687423706,1.0380467176437378
39400,1,enc,7.199146270751953,0.6526070833206177,0.3203125,1.1040050983428955,1.1533215045928955
39400,2,enc,18.48666000366211,0.8384336233139038,0.6064453125,1.1934128999710083,1.1834508180618286
39600,0,enc,5.928253650665283,0.3649078607559204,0.22314453125,0.9905716180801392,1.069713830947876
39600,1,enc,7.044294834136963,0.6288430690765381,0.375244140625,1.2004106044769287,1.1622916460037231
39600,2,enc,18.62128448486328,0.7942619919776917,0.69482421875,1.3000268936157227,1.331985592842102
39600,0,fcst,7.574873447418213,0.9294906854629517,0.6748046875,6.359623908996582,8.100830078125
39600,1,fcst,7.335114002227783,0.3982542157173157,0.10369873046875,9.358296394348145,10.189459800720215
39600,2,fcst,4.059348106384277,0.6876698732376099,0.63671875,10.228140830993652,10.430506706237793
39600,0,enc,5.859666347503662,0.36583492159843445,0.17529296875,1.0000494718551636,1.0649298429489136
39600,1,enc,7.007704257965088,0.6314350962638855,0.306640625,1.2401422262191772,1.245896816253662
39600,2,enc,18.6087646484375,0.8227981925010681,0.6142578125,1.2871203422546387,1.3358535766601562
39800,0,enc,5.961491584777832,0.36157721281051636,0.1920166015625,0.9367274045944214,1.0212346315383911
39800,1,enc,6.926308631896973,0.6252551078796387,0.361083984375,1.1853904724121094,1.2019219398498535
39800,2,enc,18.611295700073242,0.8583117127418518,0.6943359375,1.4326789379119873,1.350713849067688
39800,0,fcst,7.560556411743164,0.9992209076881409,0.62255859375,6.28466796875,7.50327730178833
39800,1,fcst,7.341689586639404,0.4676892161369324,0.1209716796875,8.933107376098633,9.553767204284668
39800,2,fcst,3.9842581748962402,0.6437486410140991,0.62353515625,9.55446720123291,9.96733570098877
39800,0,enc,5.9607014656066895,0.3575142025947571,0.1668701171875,1.0038102865219116,1.0461076498031616
39800,1,enc,6.788543701171875,0.6261466145515442,0.292236328125,1.0931304693222046,1.1132012605667114
39800,2,enc,18.558914184570312,0.8778694272041321,0.609375,1.327488660812378,1.357395887374878
40000,0,enc,5.909080505371094,0.37029242515563965,0.2081298828125,1.0823123455047607,1.0912981033325195
40000,1,enc,6.685567855834961,0.6188420653343201,0.349365234375,1.2314226627349854,1.2989003658294678
40000,2,enc,18.522789001464844,0.735382616519928,0.65234375,1.4748963117599487,1.4748963117599487
40000,0,fcst,7.538727760314941,1.0692510604858398,0.5576171875,6.123044013977051,7.864885330200195
40000,1,fcst,7.325368881225586,0.4044400155544281,0.12432861328125,8.775511741638184,9.158812522888184
40000,2,fcst,4.105912208557129,0.6832786798477173,0.64892578125,9.123170852661133,9.350513458251953
40000,0,enc,5.929048538208008,0.3708890974521637,0.17724609375,1.087826132774353,1.094753623008728
40000,1,enc,6.74164342880249,0.6197428107261658,0.28271484375,1.1461955308914185,1.1747294664382935
40000,2,enc,18.541242599487305,0.7806925177574158,0.59619140625,1.340528130531311,1.302014946937561
